source,series_id,name,units,agg,metric,2023-Q3,2023-Q4,2024-Q1,2024-Q2,2024-Q3,2024-Q4,2025-Q1,2025-Q2,2025-Q3,2025-Q4,2026-Q1,2026-Q2,2026-Q3,2026-Q4,partial
FRED,DFEDTARU,Fed funds target (limite superior),pct,last,value,,,5.5,5.5,5.0,4.5,4.5,4.5,4.25,3.75,3.75,3.75,4.0,4.0,2026-Q4
FRED,DFF,Fed funds efectiva,pct,avg,value,,,5.33,5.33,5.265,4.648,4.33,4.33,4.296,3.895,3.64,3.631,3.667,3.88,2026-Q4
FRED,WALCL,Balance de la Fed (activos totales),millones_usd,last,value,,,7484739.0,7231163.0,7080059.0,6885963.0,6740253.0,6662200.0,6608395.0,6640618.0,6657161.0,6735645.0,6743031.0,6747560.0,2026-Q4
FRED,WALCL,Balance de la Fed (activos totales),millones_usd,last,pct_yoy,,,-14.027,-13.305,-11.522,-10.72,-9.947,-7.868,-6.662,-3.563,-1.233,1.102,2.037,1.61,2026-Q4
FRED,M2SL,Oferta monetaria M2,miles_millones_usd,last,value,,20779.9,20965.9,21070.7,21275.6,21487.6,21684.1,21942.6,22176.1,22355.3,22640.3,23114.9,23342.8,,2026-Q3
FRED,M2SL,Oferta monetaria M2,miles_millones_usd,last,pct_yoy,,-2.411,0.113,1.307,2.515,3.406,3.426,4.138,4.233,4.038,4.41,5.343,5.261,,2026-Q3
FRED,DGS3MO,Treasury 3 meses,pct,avg,value,,,5.454,5.467,5.226,4.577,4.337,4.367,4.263,3.86,3.692,3.731,3.944,4.207,2026-Q4
FRED,DGS2,Treasury 2 anios,pct,avg,value,,,4.482,4.826,4.041,4.145,4.149,3.862,3.721,3.522,3.581,3.966,4.361,4.793,2026-Q4
FRED,DGS10,Treasury 10 anios,pct,avg,value,,,4.156,4.449,3.955,4.275,4.454,4.362,4.261,4.1,4.198,4.422,4.755,5.267,2026-Q4
FRED,DGS30,Treasury 30 anios,pct,avg,value,,,4.33,4.581,4.225,4.494,4.712,4.835,4.846,4.714,4.817,4.961,5.228,5.635,2026-Q4
FRED,T10Y2Y,Spread 10a-2a,pct,avg,value,,,-0.326,-0.377,-0.086,0.13,0.305,0.5,0.54,0.578,0.617,0.456,0.394,0.469,2026-Q4
FRED,T10Y3M,Spread 10a-3m,pct,avg,value,,,-1.298,-1.018,-1.271,-0.302,0.117,-0.006,-0.002,0.24,0.506,0.691,0.811,1.05,2026-Q4
FRED,T5YIE,Inflacion implicita 5a (breakeven),pct,avg,value,,,2.306,2.339,2.044,2.324,2.541,2.353,2.436,2.329,2.47,2.529,2.295,2.363,2026-Q4
FRED,MORTGAGE30US,Hipoteca 30 anios,pct,avg,value,,,6.748,6.995,6.508,6.632,6.828,6.788,6.566,6.226,6.109,6.415,6.679,7.34,2026-Q4
FRED,CPIAUCSL,CPI general,indice,avg,value,,308.195,311.003,313.081,314.121,316.588,319.475,320.786,323.235,325.547,328.114,332.985,333.472,,2026-Q3
FRED,CPIAUCSL,CPI general,indice,avg,pct_yoy,,3.233,3.244,3.192,2.658,2.723,2.724,2.461,2.901,2.83,2.704,3.803,3.167,,2026-Q3
FRED,CPILFESL,CPI subyacente,indice,avg,value,,312.348,315.558,318.045,319.807,322.549,325.264,327.006,329.6,331.428,333.49,335.87,337.277,,2026-Q3
FRED,CPILFESL,CPI subyacente,indice,avg,pct_yoy,,3.987,3.812,3.428,3.266,3.266,3.076,2.818,3.062,2.753,2.529,2.711,2.329,,2026-Q3
FRED,PCEPILFE,PCE subyacente,indice,avg,value,,120.513,121.596,122.442,123.156,124.001,124.918,125.825,126.65,127.431,128.667,129.72,130.294,,2026-Q3
FRED,PCEPILFE,PCE subyacente,indice,avg,pct_yoy,,3.407,3.183,2.869,2.85,2.894,2.733,2.763,2.837,2.766,3.001,3.096,2.877,,2026-Q3
FRED,UNRATE,Tasa de desempleo,pct,avg,value,,3.8,3.833,3.967,4.167,4.133,4.133,4.2,4.333,4.45,4.333,4.267,4.133,,
FRED,PAYEMS,Nomina no agricola,miles,avg,value,,156712.0,157245.333,157611.0,157805.667,158113.333,158318.333,158487.0,158520.667,158429.667,158559.333,158850.333,158980.333,,
FRED,PAYEMS,Nomina no agricola,miles,avg,pct_yoy,,1.646,1.454,1.269,1.002,0.894,0.682,0.556,0.453,0.2,0.152,0.229,0.29,,
FRED,ICSA,Solicitudes iniciales de desempleo,personas,avg,value,,,212461.538,223307.692,230769.231,225538.462,221153.846,232153.846,228461.538,222769.231,211846.154,213769.231,203461.538,197000.0,2026-Q4
FRED,ICSA,Solicitudes iniciales de desempleo,personas,avg,pct_yoy,,,-1.676,-2.877,-0.561,6.541,4.091,3.961,-1.0,-1.228,-4.209,-7.919,-10.943,-11.568,2026-Q4
FRED,GDPC1,PIB real,miles_millones_usd,avg,value,22828.796,23033.25,23115.975,23320.074,23501.76,23641.759,23650.213,23884.563,24112.966,24125.479,24274.383,24408.011,,,
FRED,GDPC1,PIB real,miles_millones_usd,avg,pct_yoy,3.184,3.415,2.935,3.289,2.948,2.642,2.311,2.421,2.601,2.046,2.639,2.192,,,
FRED,INDPRO,Produccion industrial,indice,avg,value,,100.645,99.988,100.667,100.072,99.696,100.735,101.191,101.729,101.249,101.559,102.687,103.057,,2026-Q3
FRED,INDPRO,Produccion industrial,indice,avg,pct_yoy,,-0.013,-0.729,-0.1,-0.843,-0.943,0.747,0.52,1.656,1.558,0.818,1.478,1.305,,2026-Q3
FRED,RSAFS,Ventas minoristas,millones_usd,avg,value,,667065.667,663183.667,666185.667,673445.0,686437.0,688526.667,690945.0,699983.667,704169.0,709839.667,729411.333,733650.5,,2026-Q3
FRED,RSAFS,Ventas minoristas,millones_usd,avg,pct_yoy,,1.499,-0.247,0.645,0.91,2.904,3.821,3.717,3.941,2.583,3.095,5.567,4.81,,2026-Q3
FRED,HOUST,Inicios de vivienda,miles,avg,value,,1468.667,1410.0,1342.0,1340.0,1388.0,1396.667,1356.0,1347.333,1323.333,1417.667,1345.0,1292.0,,2026-Q3
FRED,HOUST,Inicios de vivienda,miles,avg,pct_yoy,,5.508,2.695,-7.914,-3.226,-5.493,-0.946,1.043,0.547,-4.659,1.504,-0.811,-4.107,,2026-Q3
FRED,UMCSENT,Sentimiento del consumidor (U. Michigan),indice,avg,value,,64.933,78.433,71.5,68.133,72.1,64.467,55.033,58.333,52.5,55.433,48.033,53.45,,2026-Q3
FRED,UMCSENT,Sentimiento del consumidor (U. Michigan),indice,avg,pct_yoy,,10.431,21.414,14.767,-2.06,11.037,-17.807,-23.03,-14.384,-27.184,-14.012,-12.72,-8.371,,2026-Q3
FRED,VIXCLS,VIX,indice,avg,value,,,13.713,13.98,17.067,17.363,18.521,23.561,15.983,17.745,20.429,18.312,16.06,15.453,2026-Q4
FRED,VIXCLS,VIX,indice,avg,pct_yoy,,,-33.705,-14.968,13.678,13.587,35.067,68.533,-6.349,2.2,10.301,-22.279,0.483,-12.916,2026-Q4
FRED,BAMLH0A0HYM2,Spread high yield,pct,avg,value,,,3.365,3.18,3.26,2.797,2.867,3.5,2.86,2.963,2.95,2.81,2.734,3.122,2026-Q4
FRED,NFCI,Indice de condiciones financieras (Chicago Fed),desv_std,avg,value,,,-0.413,-0.406,-0.382,-0.46,-0.477,-0.436,-0.519,-0.515,-0.524,-0.498,-0.535,-0.494,2026-Q4
FRED,DTWEXBGS,Indice dolar amplio,indice,avg,value,,,120.644,122.516,122.65,125.776,127.645,122.415,120.237,120.749,119.066,119.304,119.571,121.586,2026-Q4
FRED,DTWEXBGS,Indice dolar amplio,indice,avg,pct_yoy,,,0.278,2.613,2.336,3.477,5.803,-0.082,-1.967,-3.997,-6.72,-2.542,-0.554,0.694,2026-Q4
FRED,DEXMXUS,Pesos por dolar (FRED),mxn_por_usd,avg,value,,,16.984,17.222,18.925,20.092,20.409,19.522,18.626,18.298,17.56,17.384,17.265,18.296,2026-Q4
FRED,DEXMXUS,Pesos por dolar (FRED),mxn_por_usd,avg,pct_yoy,,,-8.948,-2.642,10.963,14.515,20.169,13.353,-1.579,-8.933,-13.959,-10.952,-7.305,-0.008,2026-Q4
FRED,DCOILWTICO,Petroleo WTI,usd_barril,avg,value,,,77.504,81.806,76.428,70.729,71.783,64.567,65.78,59.616,72.735,95.65,87.115,97.508,2026-Q4
FRED,DCOILWTICO,Petroleo WTI,usd_barril,avg,pct_yoy,,,2.073,11.241,-7.079,-9.93,-7.381,-21.072,-13.932,-15.712,1.326,48.14,32.435,63.559,2026-Q4
FRED,SP500,S&P 500 (FRED),indice,last,value,,,5254.35,5460.48,5762.48,5881.63,5611.85,6204.95,6688.46,6845.5,6528.52,7499.36,7651.54,7811.54,2026-Q4
FRED,SP500,S&P 500 (FRED),indice,last,pct_yoy,,,27.865,22.697,34.385,23.309,6.804,13.634,16.069,16.388,16.335,20.861,14.399,14.112,2026-Q4
BANXICO,SF61745,Tasa objetivo Banxico,pct,last,value,,,11.0,11.0,10.5,10.0,9.0,8.0,7.5,7.0,6.75,6.5,6.5,6.5,2026-Q4
BANXICO,SF43783,TIIE 28 dias,pct,avg,value,,,11.481,11.244,11.099,10.579,9.979,9.017,8.124,7.637,7.276,6.855,6.762,6.773,2026-Q4
BANXICO,SF43936,CETES 28 dias,pct,avg,value,,,11.115,10.978,10.708,10.062,9.503,8.432,7.464,7.201,6.892,6.455,6.243,6.05,2026-Q4
BANXICO,SF43718,Tipo de cambio FIX,mxn_por_usd,avg,value,,,16.999,17.244,18.931,20.093,20.42,19.498,18.634,18.308,17.556,17.368,17.27,18.167,2026-Q4
BANXICO,SF43718,Tipo de cambio FIX,mxn_por_usd,avg,pct_yoy,,,-8.879,-2.367,10.966,14.348,20.119,13.072,-1.571,-8.885,-14.023,-10.924,-7.321,-0.77,2026-Q4
BANXICO,SP1,INPC (indice general),indice,avg,value,,131.476,133.767,134.339,136.032,137.4,138.743,140.012,140.948,142.465,144.48,145.496,145.569,,
BANXICO,SP1,INPC (indice general),indice,avg,pct_yoy,,4.415,4.568,4.772,5.045,4.506,3.72,4.223,3.614,3.686,4.134,3.917,3.278,,
