source,series_id,name,category,units,frequency,date,value,prev_value,chg_1y,pct_1y
FRED,DFEDTARU,Fed funds target (limite superior),politica_monetaria,pct,D,2026-09-28,4.0,4.0,-0.25,
FRED,DFF,Fed funds efectiva,politica_monetaria,pct,D,2026-09-25,3.88,3.88,-0.21,
FRED,WALCL,Balance de la Fed (activos totales),politica_monetaria,millones_usd,W,2026-09-23,6747704.0,6746548.0,139107.0,2.105
FRED,M2SL,Oferta monetaria M2,politica_monetaria,miles_millones_usd,M,2026-08-01,23342.8,23217.9,1250.2,5.659
FRED,DGS3MO,Treasury 3 meses,tasas,pct,D,2026-09-25,4.24,4.24,0.2,
FRED,DGS2,Treasury 2 anios,tasas,pct,D,2026-09-25,4.81,4.87,1.17,
FRED,DGS10,Treasury 10 anios,tasas,pct,D,2026-09-25,5.17,5.18,0.99,
FRED,DGS30,Treasury 30 anios,tasas,pct,D,2026-09-25,5.49,5.47,0.74,
FRED,T10Y2Y,Spread 10a-2a,tasas,pct,D,2026-09-28,0.32,0.36,-0.25,
FRED,T10Y3M,Spread 10a-3m,tasas,pct,D,2026-09-28,0.96,0.93,0.78,
FRED,T5YIE,Inflacion implicita 5a (breakeven),inflacion,pct,D,2026-09-28,2.33,2.34,-0.09,
FRED,MORTGAGE30US,Hipoteca 30 anios,tasas,pct,W,2026-09-24,7.03,6.95,0.77,
FRED,CPIAUCSL,CPI general,inflacion,indice,M,2026-08-01,334.131,332.813,10.84,3.353
FRED,CPILFESL,CPI subyacente,inflacion,indice,M,2026-08-01,337.765,336.789,8.065,2.446
FRED,PCEPILFE,PCE subyacente,inflacion,indice,M,2026-07-01,130.658,130.338,4.228,3.344
FRED,UNRATE,Tasa de desempleo,empleo,pct,M,2026-08-01,4.1,4.1,-0.2,
FRED,PAYEMS,Nomina no agricola,empleo,miles,M,2026-08-01,159075.0,158913.0,603.0,0.381
FRED,ICSA,Solicitudes iniciales de desempleo,empleo,personas,W,2026-09-19,197000.0,198000.0,-36000.0,-15.451
FRED,GDPC1,PIB real,actividad,miles_millones_usd,Q,2026-04-01,24269.613,24180.419,498.637,2.098
FRED,INDPRO,Produccion industrial,actividad,indice,M,2026-08-01,103.068,103.045,1.444,1.42
FRED,RSAFS,Ventas minoristas,actividad,millones_usd,M,2026-08-01,773947.0,764462.0,43910.0,6.015
FRED,HOUST,Inicios de vivienda,actividad,miles,M,2026-08-01,1275.0,1309.0,-16.0,-1.239
FRED,UMCSENT,Sentimiento del consumidor (U. Michigan),actividad,indice,M,2026-08-01,51.7,55.2,-6.5,-11.168
FRED,VIXCLS,VIX,riesgo,indice,D,2026-09-22,14.21,14.87,-1.89,-11.739
FRED,BAMLH0A0HYM2,Spread high yield,riesgo,pct,D,2026-09-25,2.93,2.8,0.17,
FRED,NFCI,Indice de condiciones financieras (Chicago Fed),riesgo,desv_std,W,2026-09-18,-0.555,-0.557,-0.029,
FRED,DTWEXBGS,Indice dolar amplio,divisas,indice,D,2026-09-25,120.33,120.552,-0.212,-0.176
FRED,DEXMXUS,Pesos por dolar (FRED),divisas,mxn_por_usd,D,2026-09-25,17.693,17.67,-0.748,-4.055
FRED,DCOILWTICO,Petroleo WTI,materias_primas,usd_barril,D,2026-09-22,96.41,96.97,33.42,53.056
FRED,SP500,S&P 500 (FRED),mercado,indice,D,2026-09-28,7683.69,7743.41,1039.99,15.654
BANXICO,SF61745,Tasa objetivo Banxico,politica_monetaria,pct,D,2026-09-29,6.5,6.5,-1.0,
BANXICO,SF43783,TIIE 28 dias,tasas,pct,D,2026-09-29,6.806,6.786,-1.025,
BANXICO,SF43936,CETES 28 dias,tasas,pct,W,2026-09-24,6.15,6.25,-1.1,
BANXICO,SF43718,Tipo de cambio FIX,divisas,mxn_por_usd,D,2026-09-28,17.841,17.71,-0.541,-2.944
BANXICO,SP1,INPC (indice general),inflacion,indice,M,2026-08-01,145.462,145.169,4.595,3.262
