source,series_id,name,units,agg,metric,2024-08,2024-09,2024-10,2024-11,2024-12,2025-01,2025-02,2025-03,2025-04,2025-05,2025-06,2025-07,2025-08,2025-09,2025-10,2025-11,2025-12,2026-01,2026-02,2026-03,2026-04,2026-05,2026-06,2026-07,2026-08,2026-09,2026-10,partial
FRED,DFEDTARU,Fed funds target (limite superior),pct,last,value,,,,4.75,4.5,4.5,4.5,4.5,4.5,4.5,4.5,4.5,4.5,4.25,4.0,4.0,3.75,3.75,3.75,3.75,3.75,3.75,3.75,3.75,3.75,4.0,4.0,2026-10
FRED,DFF,Fed funds efectiva,pct,avg,value,,,,4.638,4.475,4.33,4.33,4.33,4.33,4.33,4.33,4.33,4.33,4.225,4.088,3.876,3.721,3.64,3.64,3.64,3.64,3.628,3.625,3.628,3.63,3.747,3.88,2026-10
FRED,WALCL,Balance de la Fed (activos totales),millones_usd,last,value,,,7013490.0,6905140.0,6885963.0,6818186.0,6766101.0,6740253.0,6709277.0,6673244.0,6662200.0,6642578.0,6603384.0,6608395.0,6587034.0,6552419.0,6640618.0,6587568.0,6613797.0,6657161.0,6699950.0,6704383.0,6735645.0,6738190.0,6730912.0,6743031.0,,
FRED,WALCL,Balance de la Fed (activos totales),millones_usd,last,pct_yoy,,,-11.31,-11.429,-10.72,-10.641,-10.594,-9.947,-9.364,-8.389,-7.868,-7.464,-7.298,-6.662,-6.081,-5.108,-3.563,-3.382,-2.251,-1.233,-0.139,0.467,1.102,1.439,1.931,2.037,,
FRED,M2SL,Oferta monetaria M2,miles_millones_usd,last,value,,21275.6,21336.6,21454.7,21487.6,21539.3,21607.2,21684.1,21770.8,21836.1,21942.6,22025.6,22092.6,22176.1,22249.8,22279.8,22355.3,22413.4,22598.7,22640.3,22756.6,23013.7,23114.9,23217.9,23342.8,,,
FRED,M2SL,Oferta monetaria M2,miles_millones_usd,last,pct_yoy,,2.515,2.889,3.398,3.406,3.378,3.277,3.426,3.891,3.875,4.138,4.392,4.25,4.233,4.28,3.846,4.038,4.058,4.589,4.41,4.528,5.393,5.343,5.413,5.659,,,
FRED,DGS3MO,Treasury 3 meses,pct,avg,value,,,,4.62,4.391,4.343,4.332,4.336,4.322,4.361,4.421,4.412,4.305,4.066,3.978,3.937,3.68,3.666,3.688,3.719,3.696,3.686,3.811,3.867,3.877,4.093,4.198,2026-10
FRED,DGS2,Treasury 2 anios,pct,avg,value,,,,4.257,4.226,4.272,4.21,3.97,3.778,3.92,3.889,3.882,3.704,3.569,3.521,3.55,3.501,3.537,3.472,3.715,3.799,3.995,4.113,4.223,4.216,4.651,4.81,2026-10
FRED,DGS10,Treasury 10 anios,pct,avg,value,,,,4.356,4.391,4.629,4.451,4.28,4.279,4.424,4.384,4.392,4.265,4.12,4.062,4.094,4.143,4.214,4.126,4.246,4.319,4.484,4.47,4.6,4.684,4.989,5.275,2026-10
FRED,DGS30,Treasury 30 anios,pct,avg,value,,,,4.537,4.58,4.854,4.681,4.598,4.711,4.905,4.891,4.922,4.869,4.743,4.637,4.702,4.801,4.838,4.763,4.845,4.909,5.031,4.948,5.099,5.224,5.366,5.635,2026-10
FRED,T10Y2Y,Spread 10a-2a,pct,avg,value,,,,0.098,0.166,0.357,0.241,0.31,0.501,0.504,0.495,0.51,0.561,0.552,0.54,0.544,0.642,0.677,0.654,0.531,0.52,0.489,0.358,0.377,0.468,0.338,0.474,2026-10
FRED,T10Y3M,Spread 10a-3m,pct,avg,value,,,,-0.264,0.0,0.286,0.119,-0.055,-0.043,0.062,-0.038,-0.02,-0.04,0.055,0.084,0.157,0.464,0.548,0.438,0.527,0.623,0.798,0.66,0.733,0.808,0.896,1.074,2026-10
FRED,T5YIE,Inflacion implicita 5a (breakeven),pct,avg,value,,,,2.388,2.364,2.49,2.607,2.532,2.348,2.384,2.326,2.443,2.439,2.426,2.358,2.351,2.281,2.391,2.453,2.558,2.599,2.625,2.366,2.261,2.265,2.362,2.366,2026-10
FRED,MORTGAGE30US,Hipoteca 30 anios,pct,avg,value,,,,6.805,6.715,6.958,6.842,6.65,6.725,6.816,6.818,6.72,6.587,6.352,6.254,6.238,6.19,6.102,6.048,6.177,6.332,6.443,6.49,6.542,6.667,6.862,7.28,2026-10
FRED,CPIAUCSL,CPI general,indice,avg,value,314.062,314.732,315.631,316.528,317.604,318.961,319.679,319.785,320.302,320.62,321.435,322.169,323.291,324.245,,325.063,326.031,326.588,327.46,330.293,332.407,333.979,332.568,332.813,334.131,,,
FRED,CPIAUCSL,CPI general,indice,avg,pct_yoy,2.607,2.426,2.579,2.719,2.871,2.991,2.802,2.382,2.325,2.377,2.68,2.743,2.939,3.023,,2.696,2.653,2.391,2.434,3.286,3.779,4.167,3.464,3.304,3.353,,,
FRED,CPILFESL,CPI subyacente,indice,avg,value,319.75,320.732,321.731,322.657,323.259,324.638,325.465,325.69,326.467,326.893,327.658,328.682,329.7,330.418,,331.043,331.814,332.793,333.512,334.165,335.423,336.121,336.065,336.789,337.765,,,
FRED,CPILFESL,CPI subyacente,indice,avg,pct_yoy,3.285,3.282,3.299,3.286,3.213,3.283,3.138,2.809,2.776,2.766,2.911,3.054,3.112,3.02,,2.599,2.646,2.512,2.472,2.602,2.743,2.823,2.566,2.467,2.446,,,
FRED,PCEPILFE,PCE subyacente,indice,avg,value,,123.462,123.816,123.989,124.198,124.609,125.002,125.144,125.524,125.818,126.133,126.363,126.646,126.94,127.165,127.363,127.765,128.27,128.701,129.03,129.395,129.796,129.969,130.133,130.455,,,
FRED,PCEPILFE,PCE subyacente,indice,avg,pct_yoy,,2.84,2.905,2.874,2.903,2.812,2.823,2.564,2.676,2.787,2.826,2.841,2.851,2.817,2.705,2.721,2.872,2.938,2.959,3.105,3.084,3.162,3.041,2.983,3.008,,,
FRED,UNRATE,Tasa de desempleo,pct,avg,value,,4.1,4.1,4.2,4.1,4.0,4.2,4.2,4.2,4.3,4.1,4.3,4.3,4.4,,4.5,4.4,4.3,4.4,4.3,4.3,4.3,4.2,4.1,4.1,4.2,,
FRED,PAYEMS,Nomina no agricola,miles,avg,value,,,157945.0,158079.0,158316.0,158268.0,158310.0,158377.0,158485.0,158498.0,158478.0,158542.0,158472.0,158548.0,158408.0,158449.0,158432.0,158592.0,158436.0,158650.0,158798.0,158861.0,158892.0,158882.0,159015.0,159044.0,,
FRED,PAYEMS,Nomina no agricola,miles,avg,pct_yoy,,,0.874,0.878,0.93,0.787,0.682,0.579,0.606,0.565,0.497,0.503,0.453,0.403,0.293,0.234,0.073,0.205,0.08,0.172,0.197,0.229,0.261,0.214,0.343,0.313,,
FRED,ICSA,Solicitudes iniciales de desempleo,personas,avg,value,,,236250.0,219200.0,222750.0,215000.0,225000.0,223000.0,225750.0,231800.0,239000.0,221500.0,229600.0,234000.0,226750.0,222400.0,219250.0,211800.0,215750.0,208000.0,207750.0,211600.0,222500.0,203250.0,206000.0,200000.0,,
FRED,ICSA,Solicitudes iniciales de desempleo,personas,avg,pct_yoy,,,12.366,0.55,7.194,1.655,7.143,3.625,7.372,4.414,1.789,-6.639,-0.434,4.232,-4.021,1.46,-1.571,-1.488,-4.111,-6.726,-7.973,-8.714,-6.904,-8.239,-10.279,-14.53,,
FRED,INDPRO,Produccion industrial,indice,avg,value,,99.808,99.47,99.292,100.327,100.065,101.099,101.04,101.128,100.966,101.478,101.894,101.625,101.668,101.22,101.034,101.494,101.039,101.905,101.734,102.578,102.64,102.842,103.045,103.068,,,
FRED,INDPRO,Produccion industrial,indice,avg,pct_yoy,,-1.2,-0.995,-1.558,-0.274,0.849,0.812,0.58,0.882,0.102,0.579,1.919,1.189,1.863,1.759,1.754,1.163,0.973,0.797,0.686,1.434,1.658,1.344,1.13,1.42,,,
FRED,RSAFS,Ventas minoristas,millones_usd,avg,value,,676005.0,681808.0,685709.0,691794.0,687058.0,683772.0,694750.0,695464.0,685488.0,691883.0,698280.0,700218.0,701453.0,700790.0,705453.0,706264.0,701860.0,707959.0,719700.0,723921.0,731415.0,732898.0,729538.0,737763.0,,,
FRED,RSAFS,Ventas minoristas,millones_usd,avg,pct_yoy,,0.731,2.095,2.895,3.723,4.005,2.881,4.579,4.603,2.67,3.88,3.654,4.406,3.764,2.784,2.879,2.092,2.154,3.537,3.591,4.092,6.7,5.928,4.476,5.362,,,
FRED,HOUST,Inicios de vivienda,miles,avg,value,,1357.0,1370.0,1300.0,1494.0,1353.0,1491.0,1346.0,1400.0,1289.0,1379.0,1432.0,1291.0,1319.0,1273.0,1319.0,1378.0,1385.0,1346.0,1522.0,1414.0,1182.0,1439.0,1309.0,1275.0,,,
FRED,HOUST,Inicios de vivienda,miles,avg,pct_yoy,,-0.877,-0.725,-14.586,-0.665,-1.814,-4.116,3.778,1.523,-3.01,4.628,12.845,-7.389,-2.8,-7.08,1.462,-7.764,2.365,-9.725,13.076,1.0,-8.301,4.351,-8.589,-1.239,,,
FRED,UMCSENT,Sentimiento del consumidor (U. Michigan),indice,avg,value,,70.1,70.5,71.8,74.0,71.7,64.7,57.0,52.2,52.2,60.7,61.7,58.2,55.1,53.6,51.0,52.9,56.4,56.6,53.3,49.8,44.8,49.5,55.2,51.7,,,
FRED,UMCSENT,Sentimiento del consumidor (U. Michigan),indice,avg,pct_yoy,,3.392,10.502,17.129,6.169,-9.241,-15.865,-28.212,-32.383,-24.457,-10.997,-7.078,-14.286,-21.398,-23.972,-28.969,-28.514,-21.339,-12.519,-6.491,-4.598,-14.176,-18.451,-10.535,-11.168,,,
FRED,VIXCLS,VIX,indice,avg,value,,,,16.015,15.866,16.764,16.968,21.841,31.966,20.462,18.403,16.381,15.75,15.789,18.087,19.77,15.548,16.179,19.207,25.597,19.812,17.237,17.907,17.091,15.23,15.775,15.558,2026-10
FRED,VIXCLS,VIX,indice,avg,pct_yoy,,,,14.239,24.749,25.208,21.369,58.415,98.084,56.695,45.286,13.966,-18.446,-10.611,-9.39,23.442,-2.004,-3.487,13.195,17.194,-38.022,-15.761,-2.698,4.332,-3.305,-0.086,-13.983,2026-10
FRED,BAMLH0A0HYM2,Spread high yield,pct,avg,value,,,,2.696,2.755,2.72,2.709,3.171,4.035,3.354,3.125,2.889,2.903,2.788,2.925,3.081,2.892,2.74,2.92,3.187,2.925,2.774,2.732,2.743,2.701,2.755,3.122,2026-10
FRED,NFCI,Indice de condiciones financieras (Chicago Fed),desv_std,avg,value,,,,-0.463,-0.479,-0.498,-0.494,-0.434,-0.387,-0.436,-0.484,-0.509,-0.523,-0.525,-0.518,-0.507,-0.521,-0.56,-0.532,-0.471,-0.48,-0.506,-0.507,-0.528,-0.548,-0.529,-0.494,2026-10
FRED,DTWEXBGS,Indice dolar amplio,indice,avg,value,,,,126.311,127.576,128.837,127.876,126.243,124.14,122.342,120.594,120.113,120.576,120.029,120.762,121.418,120.188,119.23,117.906,119.92,119.036,118.779,120.083,120.597,118.851,119.215,121.586,2026-10
FRED,DTWEXBGS,Indice dolar amplio,indice,avg,pct_yoy,,,,4.198,6.461,7.161,5.625,4.628,1.635,0.397,-2.518,-2.65,-1.662,-1.523,-2.293,-3.874,-5.791,-7.457,-7.796,-5.009,-4.111,-2.912,-0.423,0.403,-1.43,-0.678,0.683,2026-10
FRED,DEXMXUS,Pesos por dolar (FRED),mxn_por_usd,avg,value,,,,20.338,20.262,20.537,20.473,20.223,20.039,19.457,19.02,18.689,18.706,18.479,18.425,18.419,18.071,17.645,17.228,17.77,17.454,17.31,17.379,17.456,17.061,17.269,18.296,2026-10
FRED,DEXMXUS,Pesos por dolar (FRED),mxn_por_usd,avg,pct_yoy,,,,17.159,17.85,20.146,19.768,20.598,19.272,15.795,4.538,3.251,-2.256,-5.702,-6.561,-9.435,-10.813,-14.083,-15.849,-12.132,-12.897,-11.035,-8.628,-6.597,-8.796,-6.545,-0.698,2026-10
FRED,DCOILWTICO,Petroleo WTI,usd_barril,avg,value,,,,69.95,70.118,75.742,71.533,68.239,63.537,62.168,68.169,68.391,64.864,63.959,60.895,60.062,57.972,60.037,64.508,91.384,100.317,102.134,84.807,80.456,83.898,97.308,97.508,2026-10
FRED,DCOILWTICO,Petroleo WTI,usd_barril,avg,pct_yoy,,,,-9.957,-2.478,2.144,-7.399,-16.042,-25.555,-22.314,-14.54,-16.393,-15.413,-8.937,-15.407,-14.135,-17.322,-20.735,-9.82,33.917,57.888,64.288,24.407,17.642,29.343,52.141,60.125,2026-10
FRED,SP500,S&P 500 (FRED),indice,last,value,,,,6032.38,5881.63,6040.53,5954.5,5611.85,5569.06,5911.69,6204.95,6339.39,6460.26,6688.46,6840.2,6849.09,6845.5,6939.03,6878.88,6528.52,7209.01,7580.06,7499.36,7489.72,7686.14,7651.54,7801.77,2026-10
FRED,SP500,S&P 500 (FRED),indice,last,pct_yoy,,,,32.063,23.309,24.659,16.84,6.804,10.592,12.017,13.634,14.796,14.373,16.069,19.889,13.539,16.388,14.875,15.524,16.335,29.448,28.222,20.861,18.146,18.976,14.399,14.058,2026-10
BANXICO,SF61745,Tasa objetivo Banxico,pct,last,value,,,,10.25,10.0,10.0,9.5,9.0,9.0,8.5,8.0,8.0,7.75,7.5,7.5,7.25,7.0,7.0,7.0,6.75,6.75,6.5,6.5,6.5,6.5,6.5,6.5,2026-10
BANXICO,SF43783,TIIE 28 dias,pct,avg,value,,,,10.606,10.381,10.283,9.879,9.739,9.278,9.05,8.736,8.256,8.086,8.018,7.812,7.61,7.471,7.302,7.286,7.242,7.022,6.828,6.729,6.759,6.756,6.772,6.776,2026-10
BANXICO,SF43936,CETES 28 dias,pct,avg,value,,,,10.05,9.848,9.864,9.452,9.102,8.81,8.305,8.085,7.666,7.388,7.288,7.252,7.188,7.16,7.002,6.863,6.81,6.578,6.465,6.292,6.234,6.212,6.285,6.05,2026-10
BANXICO,SF43718,Tipo de cambio FIX,mxn_por_usd,avg,value,,,,20.345,20.266,20.549,20.457,20.242,20.056,19.435,19.03,18.691,18.706,18.499,18.43,18.418,18.074,17.645,17.223,17.769,17.419,17.303,17.382,17.461,17.066,17.264,18.128,2026-10
BANXICO,SF43718,Tipo de cambio FIX,mxn_por_usd,avg,pct_yoy,,,,17.085,17.922,20.259,19.704,20.545,19.309,15.732,4.461,3.198,-2.324,-5.769,-6.478,-9.471,-10.817,-14.133,-15.81,-12.215,-13.151,-10.97,-8.66,-6.582,-8.767,-6.676,-1.638,2026-10
BANXICO,SP1,INPC (indice general),indice,avg,value,,136.08,136.828,137.424,137.949,138.343,138.726,139.161,139.62,140.012,140.405,140.78,140.867,141.197,141.708,142.645,143.042,143.588,144.307,145.544,145.831,145.527,145.131,145.169,145.462,,,
BANXICO,SP1,INPC (indice general),indice,avg,pct_yoy,,4.58,4.762,4.549,4.212,3.585,3.774,3.801,3.933,4.419,4.317,3.512,3.569,3.76,3.567,3.799,3.692,3.791,4.023,4.587,4.449,3.939,3.366,3.118,3.262,,,
