source,series_id,name,units,agg,metric,2017,2018,2019,2020,2021,2022,2023,2024,2025,2026,partial
FRED,DFEDTARU,Fed funds target (limite superior),pct,last,value,1.5,2.5,1.75,0.25,0.25,4.5,5.5,4.5,3.75,4.0,2026
FRED,DFF,Fed funds efectiva,pct,avg,value,1.003,1.835,2.157,0.372,0.079,1.692,5.026,5.142,4.212,3.652,2026
FRED,WALCL,Balance de la Fed (activos totales),millones_usd,last,value,4448680.0,4075636.0,4165591.0,7363351.0,8757460.0,8551169.0,7712781.0,6885963.0,6640618.0,6747560.0,2026
FRED,WALCL,Balance de la Fed (activos totales),millones_usd,last,pct_yoy,-0.062,-8.385,2.207,76.766,18.933,-2.356,-9.804,-10.72,-3.563,1.61,2026
FRED,M2SL,Oferta monetaria M2,miles_millones_usd,last,value,13887.3,14392.0,15351.5,19119.4,21502.8,21293.2,20779.9,21487.6,22355.3,23342.8,2026
FRED,M2SL,Oferta monetaria M2,miles_millones_usd,last,pct_yoy,4.884,3.634,6.667,24.544,12.466,-0.975,-2.411,3.406,4.038,4.417,2026
FRED,DGS3MO,Treasury 3 meses,pct,avg,value,0.949,1.972,2.106,0.36,0.045,2.085,5.279,5.181,4.207,3.802,2026
FRED,DGS2,Treasury 2 anios,pct,avg,value,1.399,2.527,1.969,0.389,0.265,2.986,4.583,4.372,3.811,3.997,2026
FRED,DGS10,Treasury 10 anios,pct,avg,value,2.329,2.911,2.141,0.889,1.447,2.951,3.959,4.208,4.293,4.484,2026
FRED,DGS30,Treasury 30 anios,pct,avg,value,2.894,3.112,2.58,1.556,2.056,3.113,4.095,4.407,4.777,5.022,2026
FRED,T10Y2Y,Spread 10a-2a,pct,avg,value,0.93,0.384,0.173,0.501,1.181,-0.036,-0.624,-0.164,0.482,0.487,2026
FRED,T10Y3M,Spread 10a-3m,pct,avg,value,1.381,0.94,0.036,0.529,1.402,0.865,-1.32,-0.973,0.086,0.684,2026
FRED,T5YIE,Inflacion implicita 5a (breakeven),pct,avg,value,1.742,1.971,1.601,1.321,2.545,2.777,2.253,2.252,2.414,2.429,2026
FRED,MORTGAGE30US,Hipoteca 30 anios,pct,avg,value,3.99,4.545,3.936,3.112,2.958,5.344,6.807,6.721,6.595,6.455,2026
FRED,CPIAUCSL,CPI general,indice,avg,value,245.121,251.099,255.653,258.856,270.973,292.626,304.703,313.698,321.962,331.28,2026
FRED,CPIAUCSL,CPI general,indice,avg,pct_yoy,2.131,2.439,1.813,1.253,4.681,7.991,4.127,2.952,2.634,2.894,2026
FRED,CPILFESL,CPI subyacente,indice,avg,value,252.152,257.561,263.213,267.71,277.251,294.307,308.379,318.99,328.043,335.329,2026
FRED,CPILFESL,CPI subyacente,indice,avg,pct_yoy,1.837,2.145,2.194,1.709,3.564,6.152,4.781,3.441,2.838,2.221,2026
FRED,PCEPILFE,PCE subyacente,indice,avg,value,100.0,101.897,103.573,104.976,108.617,114.44,119.282,122.799,126.206,129.469,2026
FRED,PCEPILFE,PCE subyacente,indice,avg,pct_yoy,1.599,1.897,1.645,1.354,3.469,5.361,4.232,2.948,2.775,2.585,2026
FRED,UNRATE,Tasa de desempleo,pct,avg,value,4.358,3.892,3.675,8.1,5.35,3.65,3.625,4.025,4.264,4.244,2026
FRED,PAYEMS,Nomina no agricola,miles,avg,value,146610.417,148893.667,150905.083,142161.917,146284.333,152549.167,155895.25,157693.833,158438.917,158796.667,2026
FRED,PAYEMS,Nomina no agricola,miles,avg,pct_yoy,1.579,1.557,1.351,-5.794,2.9,4.283,2.193,1.154,0.472,0.226,2026
FRED,ICSA,Solicitudes iniciales de desempleo,personas,avg,value,244211.538,219461.538,217711.538,1358019.231,463788.462,213773.585,222750.0,223019.231,226134.615,209375.0,2026
FRED,ICSA,Solicitudes iniciales de desempleo,personas,avg,pct_yoy,-6.796,-10.135,-0.797,523.77,-65.848,-53.907,4.199,0.121,1.397,-7.411,2026
FRED,GDPC1,PIB real,miles_millones_usd,avg,value,19612.102,20193.895,20715.672,20284.5,21556.002,22079.726,22724.135,23394.892,23943.305,24341.197,2026
FRED,GDPC1,PIB real,miles_millones_usd,avg,pct_yoy,2.458,2.966,2.584,-2.081,6.268,2.43,2.919,2.952,2.344,1.662,2026
FRED,INDPRO,Produccion industrial,indice,avg,value,100.0,103.163,102.346,95.089,99.288,100.98,100.764,100.106,101.226,102.356,2026
FRED,INDPRO,Produccion industrial,indice,avg,pct_yoy,1.216,3.163,-0.792,-7.091,4.416,1.705,-0.214,-0.653,1.119,1.117,2026
FRED,RSAFS,Ventas minoristas,millones_usd,avg,value,469404.583,490130.167,505609.583,509490.667,601633.833,656157.083,665295.083,672312.833,695906.083,723131.75,2026
FRED,RSAFS,Ventas minoristas,millones_usd,avg,pct_yoy,4.613,4.415,3.158,0.768,18.085,9.063,1.393,1.055,3.509,3.912,2026
FRED,HOUST,Inicios de vivienda,miles,avg,value,1204.667,1246.833,1291.5,1394.333,1603.333,1550.25,1420.917,1370.0,1355.833,1359.0,2026
FRED,HOUST,Inicios de vivienda,miles,avg,pct_yoy,2.343,3.5,3.582,7.962,14.989,-3.311,-8.343,-3.583,-1.034,0.234,2026
FRED,UMCSENT,Sentimiento del consumidor (U. Michigan),indice,avg,value,96.767,98.367,95.983,81.542,77.617,58.975,65.35,72.542,57.583,52.162,2026
FRED,UMCSENT,Sentimiento del consumidor (U. Michigan),indice,avg,pct_yoy,5.362,1.653,-2.423,-15.046,-4.813,-24.018,10.81,11.005,-20.62,-9.414,2026
FRED,VIXCLS,VIX,indice,avg,value,11.09,16.64,15.388,29.251,19.656,25.637,16.849,15.551,18.927,18.163,2026
FRED,VIXCLS,VIX,indice,avg,pct_yoy,-29.922,50.04,-7.524,90.093,-32.802,30.428,-34.279,-7.706,21.71,-4.034,2026
FRED,BAMLH0A0HYM2,Spread high yield,pct,avg,value,,,,,,,3.98,3.149,3.047,2.838,2026
FRED,NFCI,Indice de condiciones financieras (Chicago Fed),desv_std,avg,value,-0.544,-0.544,-0.559,-0.36,-0.637,-0.273,-0.268,-0.415,-0.487,-0.518,2026
FRED,DTWEXBGS,Indice dolar amplio,indice,avg,value,112.81,112.004,115.733,117.774,113.105,120.698,120.266,122.893,122.72,119.342,2026
FRED,DTWEXBGS,Indice dolar amplio,indice,avg,pct_yoy,-0.227,-0.715,3.33,1.763,-3.964,6.713,-0.358,2.184,-0.141,-2.753,2026
FRED,DEXMXUS,Pesos por dolar (FRED),mxn_por_usd,avg,value,18.884,19.218,19.247,21.546,20.284,20.121,17.733,18.306,19.205,17.41,2026
FRED,DEXMXUS,Pesos por dolar (FRED),mxn_por_usd,avg,pct_yoy,1.161,1.768,0.151,11.946,-5.856,-0.806,-11.865,3.23,4.911,-9.348,2026
FRED,DCOILWTICO,Petroleo WTI,usd_barril,avg,value,50.8,65.227,56.988,39.16,68.135,94.903,77.577,76.632,65.388,85.511,2026
FRED,DCOILWTICO,Petroleo WTI,usd_barril,avg,pct_yoy,17.339,28.4,-12.631,-31.283,73.99,39.286,-18.257,-1.217,-14.673,30.774,2026
FRED,SP500,S&P 500 (FRED),indice,last,value,2673.61,2506.85,3230.78,3756.07,4766.18,3839.5,4769.83,5881.63,6845.5,7765.36,2026
FRED,SP500,S&P 500 (FRED),indice,last,pct_yoy,19.42,-6.237,28.878,16.259,26.893,-19.443,24.23,23.309,16.388,13.437,2026
BANXICO,SF61745,Tasa objetivo Banxico,pct,last,value,7.25,8.25,7.25,4.25,5.5,10.5,11.25,10.0,7.0,6.5,2026
BANXICO,SF43783,TIIE 28 dias,pct,avg,value,7.054,7.996,8.318,5.705,4.627,7.906,11.399,11.099,8.673,6.953,2026
BANXICO,SF43936,CETES 28 dias,pct,avg,value,6.691,7.618,7.849,5.323,4.43,7.658,11.098,10.716,8.132,6.497,2026
BANXICO,SF43718,Tipo de cambio FIX,mxn_por_usd,avg,value,18.907,19.237,19.257,21.498,20.282,20.12,17.734,18.326,19.2,17.418,2026
BANXICO,SF43718,Tipo de cambio FIX,mxn_por_usd,avg,pct_yoy,1.166,1.749,0.105,11.633,-5.654,-0.798,-11.862,3.341,4.765,-9.28,2026
BANXICO,SP1,INPC (indice general),indice,avg,value,95.573,100.255,103.901,107.43,113.542,122.508,129.28,135.385,140.542,145.182,2026
BANXICO,SP1,INPC (indice general),indice,avg,pct_yoy,6.041,4.899,3.636,3.397,5.689,7.896,5.528,4.722,3.81,3.301,2026
