ticker,market,asset_type,name,date,close,chg_1d,chg_1w,chg_1m,chg_3m,chg_6m,chg_1y,chg_ytd,pct_from_52w_high,pct_from_52w_low,vol_30d,vs_sma50,vs_sma200,rsi14,avg_vol_20d
^MXX,INDEX,index,S&P/BMV IPC,2026-10-05,64975.08,0.69,0.05,-0.7,-2.55,-7.47,4.43,1.04,-9.25,7.9,12.02,-0.32,-3.36,52.83,175267590.0
^GSPC,INDEX,index,S&P 500,2026-10-05,7773.95,0.66,1.17,0.34,3.6,17.58,15.76,13.56,-0.32,22.55,9.85,1.42,7.51,59.0,5141394500.0
^IXIC,INDEX,index,Nasdaq Composite,2026-10-05,27477.31,1.05,2.45,3.36,6.42,24.92,20.28,18.22,0.0,32.14,13.93,4.25,11.01,66.28,8192954050.0
^DJI,INDEX,index,Dow Jones Industrial Average,2026-10-05,51267.9,0.18,-0.41,-4.5,-3.13,9.85,10.21,6.67,-5.67,13.51,10.24,-2.71,1.94,40.77,448070725.0
^VIX,INDEX,index,CBOE Volatility Index,2026-10-05,15.52,1.37,-3.42,6.81,-8.17,-26.24,-5.19,3.81,-50.02,15.22,90.41,-1.28,-14.01,48.78,0.0
MXN=X,FX,fx,USD/MXN,2026-10-06,18.07,-0.52,0.52,6.99,2.83,3.65,-2.37,0.49,-3.26,6.99,8.87,4.76,3.71,72.02,0.0
EURMXN=X,FX,fx,EUR/MXN,2026-10-06,20.27,-0.83,-0.81,3.37,1.02,-0.37,-5.58,-4.08,-5.99,3.37,7.24,2.02,0.26,60.43,0.0
AC.MX,BMV,stock,Arca Continental,2026-10-05,193.43,-1.21,-2.0,0.06,-5.7,-4.21,5.15,2.85,-14.84,13.72,15.84,-0.7,-3.25,44.54,1906755.0
AGUA.MX,BMV,stock,Grupo Rotoplas,2026-10-05,14.44,-1.43,-1.37,2.78,8.57,20.16,7.22,25.42,-3.41,40.61,15.84,2.76,13.47,55.28,52527.0
SIGMAFA.MX,BMV,stock,Sigma Foods (antes Alfa),2026-10-05,18.06,0.41,-0.64,-2.64,11.07,15.47,26.9,15.57,-3.32,30.04,19.58,1.24,10.4,50.96,11357834.0
ALPEKA.MX,BMV,stock,Alpek,2026-10-05,14.56,-1.29,-2.02,12.26,15.92,35.06,45.16,57.58,-3.26,76.91,33.57,9.3,27.58,58.96,22217900.0
ALSEA.MX,BMV,stock,Alsea,2026-10-05,45.87,0.57,-0.78,7.05,3.15,-18.53,-20.69,-13.46,-23.64,15.25,23.85,8.0,-7.43,64.22,1711363.0
AMXB.MX,BMV,stock,America Movil,2026-10-05,20.09,3.82,3.18,2.5,-11.72,-10.6,8.34,9.36,-15.01,15.78,19.83,0.04,-3.92,57.0,33551164.0
ARA.MX,BMV,stock,Consorcio ARA,2026-10-05,5.3,0.0,12.77,7.72,13.73,21.82,70.24,45.79,-0.19,70.24,45.74,8.65,20.11,69.42,425484.0
ASURB.MX,BMV,stock,Grupo Aeroportuario del Sureste,2026-10-05,433.32,1.87,-1.03,-0.22,-14.62,-25.21,-21.31,-23.99,-32.14,3.42,19.53,-2.48,-17.78,50.15,554072.0
AUTLANB.MX,BMV,stock,Compania Minera Autlan,2026-10-05,7.16,-3.5,-4.02,-4.91,-4.15,-8.21,3.02,-0.69,-10.39,4.68,19.81,-4.12,-4.14,37.0,194545.0
AXTELCPO.MX,BMV,stock,Axtel,2026-10-05,3.64,0.0,1.11,0.83,32.85,54.03,26.79,29.43,0.0,55.97,45.14,13.59,29.7,69.11,274914.0
BBAJIOO.MX,BMV,stock,Banco del Bajio,2026-10-05,57.17,0.32,-1.14,-0.24,4.82,8.44,39.99,34.34,-2.58,41.32,16.23,1.61,9.34,52.19,1632947.0
BIMBOA.MX,BMV,stock,Grupo Bimbo,2026-10-05,55.23,0.33,-1.67,-4.55,-2.59,-4.19,-12.37,-4.66,-17.98,4.94,16.07,-4.84,-5.78,42.52,2654431.0
BOLSAA.MX,BMV,stock,Bolsa Mexicana de Valores,2026-10-05,38.22,-0.34,0.16,1.03,5.29,11.67,7.7,9.01,-3.34,18.94,25.08,-0.01,5.17,49.42,1111776.0
CEMEXCPO.MX,BMV,stock,Cemex,2026-10-05,17.36,-0.34,1.17,-5.63,-17.98,-13.17,7.58,-15.42,-25.41,6.28,22.17,-6.37,-15.57,41.32,35089213.0
CHDRAUIB.MX,BMV,stock,Grupo Comercial Chedraui,2026-10-05,85.38,-0.26,-2.75,-3.73,-5.06,-17.03,-38.97,-30.02,-38.88,1.72,26.64,-4.4,-15.48,42.43,1641330.0
CMOCTEZ.MX,BMV,stock,Corporacion Moctezuma,2026-10-02,85.0,0.0,-0.12,-1.51,0.0,11.73,11.71,7.65,-2.19,14.51,14.38,0.77,5.19,49.87,1178.0
CUERVO.MX,BMV,stock,Becle (Jose Cuervo),2026-10-05,13.89,-1.0,-1.35,-4.67,-4.99,-11.8,-25.96,-29.84,-41.0,5.15,23.73,-6.22,-12.36,36.83,1549588.0
FEMSAUBD.MX,BMV,stock,FEMSA,2026-10-05,211.56,0.74,-0.5,3.35,-5.45,7.19,29.6,22.19,-8.09,33.37,22.81,1.78,6.06,54.84,3300953.0
FRAGUAB.MX,BMV,stock,Corporativo Fragua,2026-10-05,424.33,0.79,1.03,-1.32,-9.72,-15.81,-24.02,-21.28,-25.51,2.0,30.35,-6.13,-12.37,42.25,4188.0
GAPB.MX,BMV,stock,Grupo Aeroportuario del Pacifico,2026-10-05,379.01,4.04,-1.68,7.59,-9.25,-11.65,-11.28,-19.53,-26.06,10.29,32.08,4.64,-10.16,58.78,1395624.0
GCARSOA1.MX,BMV,stock,Grupo Carso,2026-10-05,141.4,2.03,-1.07,-0.7,10.0,7.38,11.25,20.18,-8.12,23.92,26.6,1.27,6.99,57.27,375617.0
GCC.MX,BMV,stock,Grupo Cementos de Chihuahua,2026-10-05,175.03,-1.16,-3.03,-8.24,-15.03,-5.76,4.57,-3.2,-19.5,12.88,19.19,-8.06,-10.34,33.28,254330.0
GENTERA.MX,BMV,stock,Gentera,2026-10-05,37.12,0.11,2.17,-5.91,-6.19,-22.96,-18.46,-17.41,-30.28,3.92,25.81,-4.54,-14.82,44.6,4693446.0
GFINBURO.MX,BMV,stock,Grupo Financiero Inbursa,2026-10-05,40.74,-1.07,-2.49,-7.54,-3.3,-5.79,-14.72,-3.73,-15.98,0.0,15.14,-5.18,-4.8,35.08,3456849.0
GFNORTEO.MX,BMV,stock,Grupo Financiero Banorte,2026-10-05,187.41,-1.27,-3.59,-5.33,-0.83,-0.13,13.3,18.52,-6.71,20.66,20.91,-3.53,1.55,40.22,8085011.0
GISSAA.MX,BMV,stock,Grupo Industrial Saltillo,2026-10-05,12.8,0.0,-1.16,6.67,4.15,2.67,-11.98,-8.33,-12.99,12.08,40.35,4.37,2.45,57.14,24381.0
GMEXICOB.MX,BMV,stock,Grupo Mexico,2026-10-05,235.7,1.42,4.59,4.76,22.47,15.84,54.14,41.74,-0.04,78.56,29.45,6.54,16.71,65.58,5907805.0
GRUMAB.MX,BMV,stock,Gruma,2026-10-05,236.78,-0.45,-1.09,-4.57,-17.08,-25.0,-28.19,-22.4,-31.56,3.8,18.08,-4.25,-17.84,41.86,521998.0
HERDEZ.MX,BMV,stock,Grupo Herdez,2026-10-05,54.75,-0.87,-3.34,9.17,-0.99,-23.15,0.56,-20.41,-25.14,11.03,22.38,5.76,-8.84,58.27,39451.0
HOTEL.MX,BMV,stock,Grupo Hotelero Santa Fe,2026-10-05,5.1,0.0,0.2,-2.86,13.33,17.57,46.46,28.79,-4.67,48.58,17.55,-1.09,12.62,42.21,12556.0
ICHB.MX,BMV,stock,Industrias CH,2026-10-02,175.0,0.0,-0.58,3.53,-2.78,2.91,2.34,-2.75,-3.85,7.36,17.19,1.05,0.57,51.58,2107.0
KIMBERA.MX,BMV,stock,Kimberly-Clark de Mexico,2026-10-05,37.85,0.66,-2.08,-3.2,-3.27,-7.54,6.22,1.29,-11.15,15.29,19.96,-3.4,-2.92,42.98,4377580.0
KOFUBL.MX,BMV,stock,Coca-Cola FEMSA,2026-10-05,195.71,1.28,0.25,3.01,6.4,14.13,35.79,16.92,-1.1,37.13,18.27,2.94,7.86,59.14,795382.0
KUOB.MX,BMV,stock,Grupo KUO,2026-10-02,49.2,0.0,0.0,9.33,-4.47,-15.17,5.78,-18.0,-18.27,9.33,14.8,5.45,-10.27,86.84,5618.0
LABB.MX,BMV,stock,Genomma Lab,2026-10-05,12.53,-2.34,-1.65,-3.98,-18.0,-30.26,-32.81,-28.27,-34.2,3.3,23.12,-6.12,-19.92,42.76,3631402.0
LACOMERUBC.MX,BMV,stock,La Comer,2026-10-05,31.14,0.16,-2.35,-2.75,-12.85,-27.27,-24.35,-17.05,-27.67,0.29,25.09,-3.51,-14.87,42.73,798655.0
LIVEPOLC-1.MX,BMV,stock,El Puerto de Liverpool,2026-10-05,102.94,1.15,-3.78,1.15,3.13,-4.9,16.55,4.7,-5.9,22.8,21.78,0.0,0.52,49.05,263155.0
MEGACPO.MX,BMV,stock,Megacable,2026-10-05,51.84,-0.54,-0.69,1.09,-16.03,-9.08,-4.03,6.65,-19.13,9.68,24.43,-4.78,-8.79,44.64,1383371.0
MFRISCOA-1.MX,BMV,stock,Minera Frisco,2026-10-05,19.14,-0.36,0.79,-16.6,37.5,108.5,110.1,116.03,-18.17,150.85,75.17,2.72,47.63,45.99,26134.0
NEMAKA.MX,BMV,stock,Nemak,2026-10-05,2.97,-0.34,-2.3,-4.5,-7.48,-13.66,-29.62,-18.18,-28.09,10.0,38.75,0.39,-9.24,44.28,1874155.0
OMAB.MX,BMV,stock,Grupo Aeroportuario Centro Norte,2026-10-05,215.56,0.89,-5.31,2.53,-8.21,-9.81,-2.94,-9.3,-22.74,4.18,27.97,-2.19,-7.93,47.42,1019442.0
ORBIA.MX,BMV,stock,Orbia Advance,2026-10-05,20.01,-1.28,2.3,-4.12,-10.51,-6.32,7.01,28.43,-18.63,28.52,30.31,-6.35,-3.65,47.39,3101452.0
PE&OLES.MX,BMV,stock,Industrias Penoles,2026-10-05,890.51,0.85,-0.2,-4.82,15.87,2.45,11.59,-5.83,-26.25,24.62,29.64,1.29,-2.78,50.46,362216.0
PINFRA.MX,BMV,stock,Promotora y Operadora de Infraestructura,2026-10-05,271.79,-0.01,1.86,2.76,-4.28,-6.44,9.57,1.75,-10.29,19.41,13.84,2.09,-1.69,61.22,403034.0
POCHTECB.MX,BMV,stock,Grupo Pochteca,2026-10-05,6.45,1.1,4.37,19.44,7.68,2.87,0.94,2.71,0.0,19.67,29.94,15.38,7.09,90.04,20163.0
POSADASA.MX,BMV,stock,Grupo Posadas,2026-10-02,27.0,0.0,0.0,0.0,-6.9,-4.15,-3.13,-5.8,-10.0,0.0,12.33,-1.98,-4.75,0.42,11.0
Q.MX,BMV,stock,Qualitas Controladora,2026-10-05,151.35,0.41,-1.4,-3.75,-13.78,-7.39,-1.63,-16.48,-18.67,2.25,18.93,-2.0,-8.58,44.95,1052771.0
RA.MX,BMV,stock,Regional,2026-10-05,137.52,-0.89,-1.49,-3.23,2.31,-9.32,-8.97,-0.1,-12.53,11.55,23.54,-1.32,-2.45,47.24,598154.0
SIMECB.MX,BMV,stock,Grupo Simec,2026-10-05,174.99,-0.01,0.86,-0.53,1.74,-3.85,2.33,-3.85,-3.85,3.89,8.09,-0.89,-2.01,42.42,1718.0
SITES1A-1.MX,BMV,stock,Operadora de Sites Mexicanos,2026-10-05,16.66,0.3,1.59,-1.77,-3.48,0.0,0.65,12.53,-8.41,29.32,13.36,-0.89,3.1,48.07,41673.0
SORIANAB.MX,BMV,stock,Organizacion Soriana,2026-10-05,33.79,-0.62,-0.18,26.32,12.07,-3.29,37.38,-17.44,-19.74,42.81,39.09,16.25,3.14,72.26,9019.0
TLEVISACPO.MX,BMV,stock,Grupo Televisa,2026-10-05,8.18,-0.37,-2.39,-9.51,-14.97,-20.74,-14.52,-22.32,-30.97,7.07,59.43,-9.12,-18.11,42.89,15458409.0
VESTA.MX,BMV,stock,Corporacion Inmobiliaria Vesta,2026-10-05,59.02,-0.27,0.34,0.17,-3.01,-1.66,16.05,7.27,-7.17,23.86,13.58,0.92,0.38,56.55,1876302.0
VOLARA.MX,BMV,stock,Volaris,2026-10-05,11.77,-1.01,-3.6,3.88,-25.69,-4.0,-7.03,-26.44,-36.03,8.88,28.32,-4.53,-15.98,46.99,2383818.0
WALMEX.MX,BMV,stock,Walmart de Mexico,2026-10-05,46.44,0.74,-0.98,-2.38,-7.01,-19.79,-13.76,-17.09,-25.06,2.86,17.58,-1.88,-12.53,48.69,17285041.0
FUNO11.MX,BMV,fibra,Fibra Uno,2026-10-05,29.81,-0.13,0.47,1.02,0.42,4.38,17.96,17.58,-4.13,22.59,15.45,0.19,4.77,53.12,6183445.0
FIBRAMQ12.MX,BMV,fibra,Fibra Macquarie,2026-10-05,44.91,0.42,1.84,3.58,0.87,12.97,54.37,42.96,0.0,62.96,11.22,3.17,12.23,68.26,416828.0
FIBRAPL14.MX,BMV,fibra,Fibra Prologis,2026-10-05,75.19,-1.0,0.28,0.11,-4.09,-4.16,5.76,2.61,-11.75,9.41,21.44,0.14,-3.16,51.21,1843985.0
DANHOS13.MX,BMV,fibra,Fibra Danhos,2026-10-05,28.27,-1.46,-0.56,-4.04,2.14,3.97,10.0,6.02,-5.36,17.38,14.47,-2.01,3.68,40.78,938936.0
FMTY14.MX,BMV,fibra,Fibra Monterrey,2026-10-05,14.25,-0.07,1.14,0.05,-3.76,-3.59,9.17,-2.77,-9.05,11.79,11.73,0.21,-0.71,54.32,6858686.0
FIHO12.MX,BMV,fibra,Fibra Hotel,2026-10-05,7.56,0.53,0.93,0.4,4.09,-1.23,-2.9,0.76,-4.85,9.4,12.59,-0.2,0.9,50.67,42145.0
FINN13.MX,BMV,fibra,Fibra Inn,2026-10-05,4.74,1.5,0.0,0.0,4.03,-3.48,7.96,-12.3,-12.3,10.54,19.74,0.06,-2.87,52.79,38138.0
FNOVA17.MX,BMV,fibra,Fibra Nova,2026-10-05,41.99,49.17,49.17,49.17,52.54,55.98,62.97,59.46,0.0,62.97,142.49,47.84,53.55,100.0,2098.0
NAFTRACISHRS.MX,BMV,etf,iShares NAFTRAC (replica IPC),2026-10-05,64.66,0.75,0.19,-0.71,-2.18,-5.93,7.64,2.95,-7.87,11.17,11.72,-0.25,-2.38,53.34,2604372.0
AAPL.MX,SIC,stock,Apple,2026-10-05,6022.53,-0.69,-0.75,8.55,10.58,33.9,27.18,23.08,-0.75,39.74,21.26,8.33,19.29,66.35,8014.0
MSFT.MX,SIC,stock,Microsoft,2026-10-05,9533.83,1.87,4.25,10.33,39.94,46.59,0.24,9.44,-4.75,54.19,22.64,12.55,26.32,77.32,8158.0
NVDA.MX,SIC,stock,NVIDIA,2026-10-05,4331.85,1.77,5.76,11.77,26.07,36.74,24.51,28.61,0.0,45.04,39.76,14.55,23.46,75.72,23203.0
AMZN.MX,SIC,stock,Amazon,2026-10-05,4557.53,-0.23,3.27,4.0,5.88,18.39,11.62,9.55,-7.82,33.89,23.17,2.68,8.19,60.24,20118.0
GOOGL.MX,SIC,stock,Alphabet A,2026-10-05,6279.12,0.62,2.28,8.09,-2.43,13.49,39.62,11.33,-9.27,42.81,25.67,5.45,6.09,62.2,8148.0
META.MX,SIC,stock,Meta Platforms,2026-10-05,13430.0,1.47,4.58,29.6,24.41,25.74,0.38,13.12,-3.37,45.6,47.98,23.98,22.66,68.79,9867.0
TSLA.MX,SIC,stock,Tesla,2026-10-05,6854.04,0.99,6.72,7.16,-2.96,14.79,-15.18,-15.49,-22.09,31.78,43.73,13.92,0.08,65.44,1735.0
AVGO.MX,SIC,stock,Broadcom,2026-10-05,6561.09,1.55,4.71,8.12,1.43,11.71,7.91,5.37,-21.84,23.63,29.0,1.89,2.4,60.82,8116.0
BRKB.MX,SIC,stock,Berkshire Hathaway B,2026-10-05,9133.99,-0.09,1.43,6.26,3.48,9.08,-0.15,0.59,-2.78,13.04,13.38,4.38,6.27,67.46,1436.0
JPM.MX,SIC,stock,JPMorgan Chase,2026-10-05,6011.9,-0.47,-1.12,-1.77,1.21,14.54,5.21,3.74,-3.63,19.7,16.12,-1.2,6.96,47.62,3345.0
V.MX,SIC,stock,Visa,2026-10-05,6683.0,1.92,1.03,4.34,9.19,23.9,4.52,5.0,0.0,27.08,20.75,5.01,13.47,64.11,1444.0
MA.MX,SIC,stock,Mastercard,2026-10-05,10120.0,0.8,-0.37,2.0,8.48,14.72,-2.66,-2.07,-5.5,23.43,20.82,2.66,8.97,58.2,649.0
LLY.MX,SIC,stock,Eli Lilly,2026-10-05,20705.01,-0.7,-2.79,5.53,-4.36,24.94,37.81,6.65,-4.8,40.42,26.07,1.99,10.31,54.64,730.0
UNH.MX,SIC,stock,UnitedHealth,2026-10-05,6826.8,1.66,1.66,0.77,-8.33,27.92,4.97,14.87,-9.59,46.41,21.78,0.74,9.52,58.19,901.0
JNJ.MX,SIC,stock,Johnson & Johnson,2026-10-05,4620.0,-3.02,-5.16,-1.94,-1.25,10.33,34.87,23.72,-5.16,34.87,19.11,0.67,9.54,46.13,318.0
PG.MX,SIC,stock,Procter & Gamble,2026-10-05,2630.0,-0.2,-1.57,4.99,-1.55,3.83,-6.02,1.63,-8.48,8.9,21.23,4.53,2.09,60.77,574.0
KO.MX,SIC,stock,Coca-Cola,2026-10-05,1563.62,0.43,0.23,3.86,5.95,16.42,27.51,24.23,-1.1,29.52,16.22,2.9,11.98,58.72,1880.0
PEP.MX,SIC,stock,PepsiCo,2026-10-05,2267.36,-1.27,-1.6,-4.39,-10.96,-15.39,-13.0,-12.03,-22.48,1.49,17.62,-3.93,-11.45,40.05,612.0
WMT.MX,SIC,stock,Walmart,2026-10-05,1899.07,-0.05,-2.72,3.33,-2.76,-14.24,1.36,-6.32,-19.45,9.02,22.12,1.2,-7.82,53.3,2604.0
COST.MX,SIC,stock,Costco,2026-10-05,16672.64,-0.25,0.68,6.88,0.24,-6.92,-1.2,7.25,-12.43,9.42,23.07,3.59,-0.55,61.4,884.0
HD.MX,SIC,stock,Home Depot,2026-10-05,5088.26,-1.51,-2.62,-5.48,-15.86,-9.06,-30.27,-18.32,-30.24,0.11,20.97,-8.27,-13.9,36.44,266.0
LOW.MX,SIC,stock,Lowe's,2026-10-05,3254.0,-3.07,-3.47,-5.68,-17.78,-22.09,-28.24,-25.16,-33.79,0.0,23.06,-7.85,-19.43,19.87,242.0
MCD.MX,SIC,stock,McDonald's,2026-10-05,4200.0,-0.73,0.03,-4.4,-14.91,-25.08,-23.34,-23.62,-28.15,0.99,22.05,-5.88,-16.75,40.2,626.0
SBUX.MX,SIC,stock,Starbucks,2026-10-02,1726.0,-0.23,3.35,-4.69,-5.13,2.93,11.78,13.9,-8.5,18.39,15.81,-2.3,0.21,51.96,117.0
CMG.MX,SIC,stock,Chipotle,2026-10-05,557.63,-3.86,-3.5,-13.01,-7.52,-4.84,-24.75,-16.4,-29.05,14.58,34.39,-6.96,-8.28,38.28,2087.0
YUM.MX,SIC,stock,Yum! Brands,2026-10-02,2445.65,0.44,0.44,-4.08,-11.14,-11.02,-12.36,-10.98,-12.36,0.44,17.32,-3.14,-8.42,26.51,1.0
NKE.MX,SIC,stock,Nike,2026-10-05,611.47,-0.43,-6.22,-6.79,-19.17,-18.11,-55.32,-46.93,-53.94,0.0,27.83,-8.64,-27.71,36.33,3811.0
LULU.MX,SIC,stock,Lululemon,2026-10-05,1675.65,-2.28,-7.71,-17.89,-15.63,-39.47,-48.93,-55.51,-57.47,2.17,60.74,-12.77,-33.3,37.54,1567.0
TJX.MX,SIC,stock,TJX Companies,2026-10-05,2441.0,0.74,4.76,9.12,-8.62,-15.08,-7.33,-13.47,-15.81,14.44,24.35,0.38,-8.23,64.64,808.0
TGT.MX,SIC,stock,Target,2026-10-05,2774.01,-4.34,-0.25,0.87,26.15,27.96,68.5,57.15,-4.34,80.36,29.15,3.04,23.46,52.41,59.0
DIS.MX,SIC,stock,Walt Disney,2026-10-05,1839.72,-1.46,-2.66,1.31,8.22,6.9,-11.01,-10.48,-13.93,12.87,26.13,2.17,1.67,51.5,840.0
NFLX.MX,SIC,stock,Netflix,2026-10-05,1219.66,0.07,-1.67,-12.78,-8.64,-29.55,-43.02,-28.04,-46.71,3.46,35.93,-6.35,-16.47,39.26,12575.0
WBD.MX,SIC,stock,Warner Bros. Discovery,2026-10-05,559.5,-0.4,2.29,15.53,20.32,15.22,56.72,7.6,-0.4,75.94,31.39,15.11,16.06,89.41,209.0
CMCSA.MX,SIC,stock,Comcast,2026-10-05,388.74,-0.32,0.45,-15.21,-5.19,-19.45,-30.6,-22.98,-31.46,0.54,33.66,-8.9,-16.52,37.07,6338.0
CHTR.MX,SIC,stock,Charter Communications,2026-10-05,1956.0,-1.21,-4.12,-23.38,-18.67,-50.04,-61.19,-48.05,-61.19,0.0,48.97,-18.76,-35.52,24.46,80.0
T.MX,SIC,stock,AT&T,2026-10-05,439.8,-0.5,-1.57,-0.51,19.59,-11.6,-13.88,-1.8,-16.75,25.04,22.07,1.61,0.51,49.28,1349.0
VZ.MX,SIC,stock,Verizon,2026-10-05,826.01,-1.19,-1.08,-3.62,10.26,-5.21,4.15,12.39,-10.2,21.87,24.72,-0.94,2.3,45.66,134.0
TMUS.MX,SIC,stock,T-Mobile US,2026-10-05,3022.59,1.26,3.07,-0.83,-8.04,-15.28,-28.72,-17.52,-28.71,7.43,30.32,-0.02,-9.05,54.46,371.0
AMD.MX,SIC,stock,Advanced Micro Devices,2026-10-05,11440.67,-0.6,4.99,48.57,27.44,184.0,264.82,195.92,-0.6,277.65,54.05,28.55,73.02,75.69,4728.0
INTC.MX,SIC,stock,Intel,2026-10-05,2103.01,-3.17,1.2,35.43,9.59,105.59,206.41,214.61,-14.11,240.79,69.16,20.13,46.59,60.22,8610.0
QCOM.MX,SIC,stock,Qualcomm,2026-10-05,3270.5,-2.71,-2.81,14.75,3.37,47.33,4.81,6.28,-25.63,49.08,46.67,10.52,10.3,54.32,1870.0
MU.MX,SIC,stock,Micron,2026-10-05,19233.2,-1.41,1.69,18.94,18.52,171.87,469.04,275.3,-8.53,467.28,44.42,15.99,59.36,62.18,4767.0
TXN.MX,SIC,stock,Texas Instruments,2026-10-05,5339.79,-0.13,7.87,24.46,3.92,55.71,61.65,68.86,-6.91,85.2,25.01,14.37,22.77,86.13,690.0
ADI.MX,SIC,stock,Analog Devices,2026-10-02,7571.88,5.27,12.45,25.96,11.21,32.3,68.13,53.06,-1.51,79.17,32.05,16.86,21.59,88.98,352.0
AMAT.MX,SIC,stock,Applied Materials,2026-10-05,9795.0,0.05,12.46,34.18,2.22,58.3,144.95,109.88,-23.89,154.5,48.83,16.26,30.4,73.29,2005.0
LRCX.MX,SIC,stock,Lam Research,2026-10-05,6245.57,-1.33,11.53,26.18,10.06,45.84,132.13,102.81,-18.88,156.03,51.92,17.8,28.85,69.43,2094.0
KLAC.MX,SIC,stock,KLA,2026-10-05,3719.46,-1.19,13.57,27.73,-2.88,37.8,86.03,63.17,-30.44,96.18,51.6,14.97,19.27,69.01,578.0
MRVL1.MX,SIC,stock,Marvell Technology,2026-10-05,4894.75,-1.42,8.29,35.97,23.3,143.53,207.61,217.25,-12.59,284.52,58.85,24.03,65.68,67.51,1544.0
ARMN.MX,SIC,stock,Arm Holdings,2026-10-05,5480.0,-2.14,7.61,33.73,4.18,106.79,97.83,174.62,-26.73,210.13,88.48,18.74,43.33,58.67,477.0
SMCI.MX,SIC,stock,Super Micro Computer,2026-10-05,778.02,-1.97,3.49,21.49,69.13,90.88,-19.49,48.34,-27.68,110.98,66.53,22.07,38.88,64.36,9111.0
DELLC.MX,SIC,stock,Dell Technologies,2026-10-05,9980.0,-2.63,2.99,15.14,36.73,208.78,267.04,339.49,-2.63,413.25,74.18,17.51,92.65,59.86,845.0
HPQ.MX,SIC,stock,HP Inc,2026-10-02,595.0,1.36,6.15,9.24,55.86,74.19,20.29,47.6,-0.83,91.42,46.47,12.86,44.44,66.2,505.0
ANET.MX,SIC,stock,Arista Networks,2026-10-05,3760.0,0.19,1.62,16.41,29.66,48.91,41.04,57.67,-0.34,79.05,34.62,12.18,35.23,68.98,555.0
VRT.MX,SIC,stock,Vertiv,2026-10-05,4613.0,0.53,5.44,6.32,-12.78,1.99,99.22,56.82,-29.04,88.49,55.31,2.3,0.95,54.87,624.0
ORCL.MX,SIC,stock,Oracle,2026-10-05,2591.64,0.03,8.86,-1.21,5.07,3.43,-51.2,-26.35,-54.71,28.64,48.21,4.1,-8.81,54.63,13173.0
CRM.MX,SIC,stock,Salesforce,2026-10-05,4151.67,-2.17,1.07,-7.14,39.97,34.47,-5.63,-12.84,-14.59,59.23,76.41,8.53,19.06,52.72,2223.0
ADBE.MX,SIC,stock,Adobe,2026-10-05,4320.0,-0.16,4.2,-10.5,9.87,3.35,-33.13,-31.62,-34.74,29.54,42.43,-3.31,-4.21,48.16,987.0
NOWW.MX,SIC,stock,ServiceNow,2026-10-05,2450.0,0.62,4.09,-0.78,26.33,44.3,-27.3,-11.23,-29.72,71.93,59.84,9.22,21.59,56.28,1505.0
INTU.MX,SIC,stock,Intuit,2026-10-05,5108.0,0.44,5.98,-11.93,3.78,-26.79,-59.09,-57.68,-59.68,14.48,45.3,-8.35,-24.83,44.16,990.0
WDAY.MX,SIC,stock,Workday,2026-10-02,3250.0,0.0,0.0,-7.41,42.86,34.68,-24.52,-17.62,-27.78,66.75,45.68,1.11,19.09,47.45,2.0
ADSK.MX,SIC,stock,Autodesk,2026-10-05,4035.0,10.55,7.31,-2.28,7.74,-4.92,-31.83,-24.64,-31.83,21.36,64.12,0.14,-3.07,59.02,624.0
SNPS.MX,SIC,stock,Synopsys,2026-10-05,8900.0,-0.11,25.64,26.24,15.58,26.49,-1.49,4.89,-4.91,42.56,79.57,26.49,14.36,79.23,528.0
CDNS.MX,SIC,stock,Cadence Design,2026-10-05,6408.0,0.06,11.1,24.77,-1.14,29.77,-0.65,12.22,-10.09,39.03,47.4,16.18,12.27,79.65,242.0
CSCO.MX,SIC,stock,Cisco,2026-10-05,2042.0,1.09,6.65,10.68,3.29,44.04,61.74,46.5,-9.22,63.67,21.22,5.58,19.29,69.27,948.0
IBM.MX,SIC,stock,IBM,2026-10-05,4000.0,-1.96,1.09,0.5,-26.24,-8.07,-22.82,-26.65,-33.26,11.68,34.43,-0.27,-10.29,47.79,746.0
ACNN.MX,SIC,stock,Accenture,2026-10-05,3561.0,-2.68,13.92,8.53,43.69,0.85,-20.19,-26.97,-31.09,69.5,78.57,13.86,4.37,59.97,395.0
PLTR.MX,SIC,stock,Palantir,2026-10-05,3420.0,-0.31,1.18,10.29,44.18,39.47,-0.86,6.94,-10.58,81.88,53.16,15.8,29.29,64.54,1963.0
PANW.MX,SIC,stock,Palo Alto Networks,2026-10-05,7340.0,0.56,4.1,31.6,20.33,143.69,91.69,118.19,-0.04,201.31,77.33,17.52,66.81,66.54,1422.0
CRWD.MX,SIC,stock,CrowdStrike,2026-10-05,4925.0,0.92,5.46,35.61,44.65,164.96,116.13,129.89,-0.16,228.06,88.29,29.03,82.35,71.83,1590.0
FTNT.MX,SIC,stock,Fortinet,2026-10-05,3308.16,0.67,6.22,27.14,18.11,123.52,112.06,130.05,0.0,153.89,38.83,17.51,59.01,85.77,1045.0
ZS.MX,SIC,stock,Zscaler,2026-10-05,3700.0,1.31,2.78,23.13,37.96,48.53,-34.19,-9.14,-40.32,81.37,82.06,19.13,26.39,64.94,217.0
NET.MX,SIC,stock,Cloudflare,2026-10-05,6438.91,1.48,3.68,38.95,36.55,73.37,66.29,79.26,0.0,122.18,55.39,21.37,56.27,80.73,57.0
DDOG.MX,SIC,stock,Datadog,2026-10-02,5100.0,1.25,7.04,39.92,14.2,141.25,80.34,103.93,0.0,190.27,62.38,19.89,57.22,78.02,32.0
SNOW.MX,SIC,stock,Snowflake,2026-10-05,6150.0,-1.0,4.41,1.99,31.02,133.04,36.71,54.66,-1.28,185.92,58.73,9.49,53.93,63.0,300.0
MDB.MX,SIC,stock,MongoDB,2026-10-02,6510.0,0.15,-11.55,2.48,11.55,47.62,11.28,-13.89,-14.79,70.73,91.98,-3.37,8.79,46.7,377.0
TEAM.MX,SIC,stock,Atlassian,2026-10-02,3444.0,0.0,0.0,4.33,136.86,177.07,17.14,18.6,0.0,237.17,58.61,21.6,74.52,75.75,311.0
APP.MX,SIC,stock,AppLovin,2026-10-05,5111.06,4.27,-6.82,-3.65,-45.75,-29.21,-60.52,-58.68,-60.98,4.27,44.91,-9.84,-35.77,40.09,1091.0
MSTR.MX,SIC,stock,Strategy (MicroStrategy),2026-10-05,2996.88,3.45,6.23,23.67,73.23,34.03,-53.8,9.57,-54.21,107.27,91.94,38.2,26.5,70.05,4557.0
UBER.MX,SIC,stock,Uber,2026-10-05,1260.2,1.74,3.04,-2.2,-2.75,-0.35,-28.78,-14.27,-31.92,9.29,29.46,-0.26,-3.29,52.83,10230.0
ABNB.MX,SIC,stock,Airbnb,2026-10-05,2940.0,-0.34,4.7,-7.33,12.64,30.78,32.31,20.1,-9.54,47.15,40.9,-0.14,17.13,54.27,184.0
DASH.MX,SIC,stock,DoorDash,2026-10-02,3335.0,0.0,-2.29,-11.77,0.23,20.48,-31.94,-20.3,-35.87,28.27,32.79,-5.93,1.82,37.89,412.0
BKNG.MX,SIC,stock,Booking Holdings,2026-10-05,2855.0,-1.44,-2.73,-13.5,-10.46,-8.32,-27.87,-27.11,-28.03,7.52,37.95,-12.75,-10.52,36.21,1128.0
EXPE.MX,SIC,stock,Expedia,2026-10-02,4625.5,0.0,-1.59,-15.22,-1.41,11.43,18.59,-9.72,-16.73,42.46,51.42,-9.55,2.09,33.22,21.0
MAR.MX,SIC,stock,Marriott,2026-10-02,5695.0,0.0,0.0,-0.21,-12.41,0.81,14.53,0.39,-16.42,15.93,16.8,-4.77,-6.29,10.11,0.0
HLT.MX,SIC,stock,Hilton,2026-10-02,5334.3,0.0,0.0,0.0,-8.53,6.18,5.08,6.18,-10.77,6.18,17.64,-3.97,-0.11,17.26,0.0
RCL.MX,SIC,stock,Royal Caribbean,2026-10-05,4940.0,-2.0,12.02,10.0,-10.98,-0.36,-15.31,-6.6,-17.82,23.62,47.11,0.75,-1.9,60.56,353.0
CCL1N.MX,SIC,stock,Carnival,2026-10-05,464.0,-1.26,16.54,16.58,-1.25,-5.25,-12.44,-16.56,-20.08,23.01,50.96,6.17,-3.26,67.4,1141.0
DAL.MX,SIC,stock,Delta Air Lines,2026-10-05,1510.0,-2.57,1.48,13.49,-4.72,27.16,42.94,21.34,-8.47,46.88,31.7,3.89,13.59,60.69,221.0
UAL.MX,SIC,stock,United Airlines,2026-10-05,2020.0,-1.03,-1.21,9.78,-12.78,29.2,17.16,0.69,-15.83,30.87,39.0,0.77,5.39,55.76,519.0
AAL.MX,SIC,stock,American Airlines,2026-10-05,232.0,-1.28,-4.53,5.65,-23.43,16.19,9.69,-15.48,-27.04,25.78,28.62,-4.01,-4.33,46.39,3808.0
PYPL.MX,SIC,stock,PayPal,2026-10-05,983.0,2.6,1.85,2.29,22.89,23.04,-22.3,-6.78,-29.34,45.92,48.53,0.94,12.57,57.59,1090.0
XYZ.MX,SIC,stock,Block,2026-10-02,1359.0,0.0,0.22,-5.89,-0.8,29.43,3.11,15.56,-8.48,59.51,23.5,-1.43,10.93,51.4,920.0
SHOPN.MX,SIC,stock,Shopify,2026-10-05,2870.0,3.99,14.8,16.19,32.29,37.1,4.25,-0.55,-13.08,75.4,58.81,17.19,27.27,69.36,1974.0
SPOTN.MX,SIC,stock,Spotify,2026-10-02,8618.0,-3.71,-4.16,-9.32,2.6,0.44,-30.7,-17.23,-34.16,20.05,30.87,-3.21,-1.28,38.62,177.0
COIN.MX,SIC,stock,Coinbase,2026-10-05,3417.88,3.26,-1.07,4.87,19.17,12.06,-50.4,-16.23,-51.9,40.12,77.41,13.84,5.84,56.84,1323.0
HOOD.MX,SIC,stock,Robinhood,2026-10-05,2068.54,-0.07,-1.22,0.14,4.03,65.11,-23.2,1.75,-26.13,76.75,59.87,12.72,25.32,57.21,1068.0
SOFI.MX,SIC,stock,SoFi Technologies,2026-10-05,288.0,0.53,0.9,-8.64,-7.18,0.25,-40.0,-38.73,-50.85,9.27,39.18,-4.35,-12.67,44.81,9996.0
AFRM.MX,SIC,stock,Affirm,2026-10-02,1270.0,0.0,0.51,0.79,-10.56,47.16,-4.39,-5.93,-15.33,62.39,56.63,-1.0,8.17,52.48,514.0
RBLX.MX,SIC,stock,Roblox,2026-10-05,799.0,-2.37,5.57,12.54,-20.92,-19.37,-67.68,-46.2,-68.79,30.98,59.78,9.71,-16.98,53.23,325.0
ROKU.MX,SIC,stock,Roku,2026-10-02,2764.71,0.0,2.4,5.93,16.56,57.89,53.59,38.58,0.0,94.66,12.12,5.55,28.76,88.27,4.0
ZM.MX,SIC,stock,Zoom Communications,2026-10-05,1700.0,2.9,4.8,4.94,13.33,12.58,14.15,9.32,-13.0,38.2,43.2,1.69,7.39,60.85,518.0
TTWO.MX,SIC,stock,Take-Two Interactive,2026-10-05,3663.03,-0.49,0.91,1.14,-18.78,5.02,-22.28,-21.15,-24.47,11.71,29.82,-5.99,-6.68,44.98,583.0
BAC.MX,SIC,stock,Bank of America,2026-10-05,978.56,0.12,-1.75,-8.49,-6.69,9.89,5.11,-1.06,-11.59,17.97,18.92,-6.65,1.44,34.16,4508.0
WFC.MX,SIC,stock,Wells Fargo,2026-10-02,1464.03,0.14,0.97,-3.56,-3.67,1.45,-2.28,-13.5,-15.05,15.02,22.96,-1.54,-0.93,46.97,1912.0
C.MX,SIC,stock,Citigroup,2026-10-05,2325.0,-0.42,-2.31,-0.64,-8.26,12.65,28.46,10.57,-9.12,33.78,19.57,0.56,5.71,49.52,780.0
GS.MX,SIC,stock,Goldman Sachs,2026-10-05,16230.0,-1.15,-1.15,-7.1,-11.38,5.82,11.5,0.05,-18.53,18.02,21.52,-6.31,-3.26,36.04,443.0
MS.MX,SIC,stock,Morgan Stanley,2026-10-05,3446.0,-0.32,-1.07,-6.31,-10.23,15.71,17.32,7.26,-13.31,25.39,14.2,-4.92,1.58,32.05,511.0
SCHW.MX,SIC,stock,Charles Schwab,2026-10-02,1764.0,0.0,0.23,-4.51,9.66,5.5,1.34,-1.94,-8.35,20.1,20.21,-2.53,3.48,38.12,80.0
USB.MX,SIC,stock,U.S. Bancorp,2026-10-02,1054.0,0.0,0.05,0.0,-3.32,15.25,14.13,8.93,-5.27,24.2,14.92,-2.55,4.4,15.31,0.0
PNC.MX,SIC,stock,PNC Financial,2026-10-02,3943.79,0.0,0.0,-5.07,-1.64,-4.66,4.52,2.97,-10.53,20.96,19.37,-6.55,-3.57,4.67,32.0
COF.MX,SIC,stock,Capital One,2026-10-05,3557.2,0.22,1.63,-4.25,-0.26,9.96,-13.63,-18.85,-21.06,15.76,16.98,-3.08,-0.86,36.47,368.0
AXP.MX,SIC,stock,American Express,2026-10-05,5500.0,0.02,0.45,-1.79,-10.62,-0.17,-8.43,-18.0,-21.16,4.78,18.96,-2.59,-5.1,47.76,1021.0
BNY.MX,SIC,stock,BNY Mellon,2026-10-01,2620.0,0.11,0.47,,,,,,-5.06,9.15,45.66,,,,1484.0
BLK.MX,SIC,stock,BlackRock,2026-10-05,19379.0,1.16,5.04,2.38,10.78,11.75,-7.65,-0.01,-12.38,17.61,20.29,0.86,4.4,68.09,7.0
BX.MX,SIC,stock,Blackstone,2026-10-02,2053.0,2.14,-15.17,-15.17,-2.79,3.54,-34.01,-26.41,-33.52,12.01,45.77,-12.28,-9.15,18.45,6.0
KKRC.MX,SIC,stock,KKR,2026-10-02,1664.38,-0.46,-1.49,-9.1,1.75,-0.31,-28.29,-28.44,-35.67,10.69,23.21,-8.06,-8.29,11.37,4.0
SPGI.MX,SIC,stock,S&P Global,2026-10-05,7026.67,0.67,-1.03,-7.88,-9.2,-7.41,-20.96,-26.02,-27.9,6.78,24.62,-2.27,-8.23,43.45,357.0
MCO.MX,SIC,stock,Moody's,2026-10-02,8236.0,0.0,0.0,-1.19,-5.06,4.91,-6.36,-8.77,-13.65,14.91,12.27,-0.96,-0.25,49.32,26.0
CME.MX,SIC,stock,CME Group,2026-10-05,4848.0,1.99,8.5,8.54,14.2,-8.31,1.64,-1.82,-14.3,25.63,19.21,8.07,0.81,98.47,60.0
ICE.MX,SIC,stock,Intercontinental Exchange,2026-10-02,2673.61,0.0,0.0,-2.69,22.05,-9.02,-16.97,-9.08,-16.97,22.05,13.26,0.47,-1.29,50.74,85.0
MET.MX,SIC,stock,MetLife,2026-10-02,1717.2,0.0,0.0,3.31,14.5,38.59,17.28,20.65,0.0,41.25,7.05,2.86,17.34,99.8,32.0
AIG.MX,SIC,stock,AIG,2026-10-02,1383.14,0.0,6.63,13.05,13.05,-0.06,-5.78,-10.95,-10.95,13.05,25.41,11.0,4.51,99.68,611.0
PGR.MX,SIC,stock,Progressive,2026-10-02,3669.6,0.0,0.0,-2.95,-8.41,2.94,-18.71,-10.52,-19.32,9.77,14.34,-0.34,0.5,45.24,61.0
CB.MX,SIC,stock,Chubb,2026-10-02,5935.0,0.0,0.0,-0.75,3.06,2.28,14.44,5.9,-3.92,19.76,16.86,-0.1,3.94,58.95,5.0
XOM.MX,SIC,stock,Exxon Mobil,2026-10-05,2989.87,-0.14,2.86,8.3,22.83,10.75,45.87,38.32,-3.62,45.38,26.5,7.98,15.02,66.59,561.0
CVX.MX,SIC,stock,Chevron,2026-10-05,3726.0,-1.56,2.08,0.7,23.81,4.77,31.35,36.4,-2.59,41.1,26.15,6.34,14.7,59.41,1582.0
COP.MX,SIC,stock,ConocoPhillips,2026-10-02,2279.11,0.0,4.88,4.08,25.68,-1.68,25.24,35.51,-6.06,42.97,28.49,4.56,12.96,59.7,77.0
OXY1.MX,SIC,stock,Occidental Petroleum,2026-10-05,1051.5,0.04,4.52,1.23,16.22,1.26,28.85,42.38,-11.94,50.33,36.01,4.18,11.69,58.52,417.0
EOG.MX,SIC,stock,EOG Resources,2026-10-05,2553.0,4.67,4.67,-1.47,12.83,2.29,18.04,35.02,-6.06,37.75,19.3,2.85,12.2,65.76,2.0
SLBN.MX,SIC,stock,SLB (Schlumberger),2026-10-02,885.97,0.0,0.0,-2.95,10.92,1.25,42.72,28.03,-11.49,50.37,36.68,-1.48,1.03,37.74,83.0
HAL.MX,SIC,stock,Halliburton,2026-10-05,595.0,2.59,2.59,-6.89,0.03,-10.88,30.42,15.63,-20.62,48.92,34.34,0.38,-3.44,45.72,44.0
MPC.MX,SIC,stock,Marathon Petroleum,2026-10-02,7058.47,0.0,0.0,12.37,50.85,54.42,120.1,99.3,-3.32,120.1,34.71,16.36,55.37,70.19,507.0
PSX.MX,SIC,stock,Phillips 66,2026-10-02,4510.92,0.0,0.0,36.69,49.18,74.32,82.61,89.8,0.0,89.9,106.35,24.8,55.33,99.79,8.0
VLO.MX,SIC,stock,Valero,2026-10-05,7517.0,1.58,7.73,18.95,60.76,76.54,143.57,158.49,0.0,158.49,39.0,22.31,65.94,74.46,80.0
KMI.MX,SIC,stock,Kinder Morgan,2026-10-02,562.0,0.0,2.55,4.66,-2.21,-8.52,9.37,13.85,-8.52,18.12,24.26,2.54,2.66,60.11,36.0
ENPH.MX,SIC,stock,Enphase Energy,2026-10-05,604.04,-0.72,8.41,-1.62,-19.35,5.79,-12.46,5.05,-51.75,24.54,45.62,-5.03,-16.64,47.37,848.0
FSLR.MX,SIC,stock,First Solar,2026-10-05,3155.0,-2.26,1.97,-10.11,-22.84,-6.79,-23.85,-33.58,-42.45,3.39,43.95,-11.78,-19.43,38.5,620.0
NEE.MX,SIC,stock,NextEra Energy,2026-10-05,1381.98,-1.29,2.75,-1.99,-10.8,-16.58,-4.0,-4.57,-19.21,3.13,15.03,-3.26,-9.16,45.31,1097.0
DUK.MX,SIC,stock,Duke Energy,2026-10-02,2069.7,0.0,1.51,0.13,-3.88,-9.94,-4.94,-2.45,-13.23,1.51,5.97,-1.83,-4.71,48.71,22.0
SO.MX,SIC,stock,Southern Company,2026-10-02,1622.0,0.0,0.0,0.0,4.16,-4.78,-3.1,3.13,-11.97,6.93,0.0,0.01,0.72,91.86,0.0
ABBV.MX,SIC,stock,AbbVie,2026-10-05,4812.8,1.84,0.93,8.7,6.99,31.08,9.66,17.27,0.0,40.78,22.82,7.99,19.11,72.24,165.0
ABT.MX,SIC,stock,Abbott Laboratories,2026-10-02,1766.0,-3.68,-1.78,-6.31,6.17,-2.5,-25.83,-22.12,-27.85,24.77,25.65,-4.43,-3.03,40.21,26.0
MRK.MX,SIC,stock,Merck,2026-10-05,2539.0,-2.86,-3.46,-1.13,12.24,21.0,53.2,32.74,-5.61,65.68,25.93,3.36,18.29,48.9,984.0
PFE.MX,SIC,stock,Pfizer,2026-10-05,496.67,-1.65,-3.75,1.88,18.37,5.03,0.02,10.79,-5.03,20.12,20.96,5.0,8.08,54.43,2393.0
BMY.MX,SIC,stock,Bristol-Myers Squibb,2026-10-02,1115.0,0.06,0.15,-1.33,14.42,1.11,33.72,14.69,-2.19,41.58,4.09,-0.14,7.86,45.9,20.0
AMGN.MX,SIC,stock,Amgen,2026-10-02,7500.01,0.0,3.31,-1.06,20.03,18.75,44.56,26.52,-1.06,41.73,48.22,6.69,17.55,67.79,103.0
GILD.MX,SIC,stock,Gilead Sciences,2026-10-02,2704.31,0.0,2.43,6.94,21.98,7.07,30.09,21.81,-1.1,33.71,28.87,10.01,14.17,75.37,92.0
REGN.MX,SIC,stock,Regeneron,2026-10-02,13697.36,0.0,1.73,-0.66,26.41,4.42,32.56,1.04,-4.14,33.32,17.51,2.64,8.04,58.17,24.0
VRTX.MX,SIC,stock,Vertex Pharmaceuticals,2026-10-02,9355.0,0.0,1.22,-0.32,6.51,16.94,33.97,13.49,-1.29,28.15,20.58,5.36,13.75,63.05,284.0
BIIB.MX,SIC,stock,Biogen,2026-10-02,3900.8,0.0,0.0,3.25,3.06,20.06,53.57,24.83,0.0,44.69,12.07,4.19,14.58,96.43,2.0
MRNA.MX,SIC,stock,Moderna,2026-10-05,3643.0,5.86,3.05,44.95,160.75,313.04,601.95,586.06,-0.74,779.95,91.49,66.59,201.25,72.63,2564.0
ZTS.MX,SIC,stock,Zoetis,2026-10-05,1280.0,0.71,2.4,-1.92,-4.38,-38.95,-52.52,-43.44,-52.87,4.07,23.05,-0.09,-25.07,53.64,64.0
TMO.MX,SIC,stock,Thermo Fisher,2026-10-02,11885.0,-3.3,-0.13,11.66,29.29,38.74,21.23,13.67,-3.3,56.42,31.86,11.92,25.6,69.04,107.0
DHR.MX,SIC,stock,Danaher,2026-10-05,3990.0,1.4,-1.96,11.92,17.87,17.02,2.76,-1.62,-6.27,42.77,36.03,10.98,13.72,68.45,35.0
ISRG.MX,SIC,stock,Intuitive Surgical,2026-10-05,7326.5,1.69,-0.52,17.32,-3.32,-8.17,-9.55,-29.38,-30.59,25.84,27.29,11.81,-5.92,68.44,326.0
SYK.MX,SIC,stock,Stryker,2026-10-02,4762.11,0.0,0.02,-14.48,-12.83,-18.77,-30.01,-25.57,-31.76,0.02,43.99,-11.4,-17.64,15.37,221.0
BSX.MX,SIC,stock,Boston Scientific,2026-10-05,770.0,-1.41,-1.28,-2.82,-3.15,-29.36,-56.72,-55.23,-60.0,5.7,37.23,-4.56,-28.0,45.53,1734.0
MDTN.MX,SIC,stock,Medtronic,2026-10-02,1565.93,0.0,-1.27,0.04,7.67,2.0,-8.93,-11.91,-15.42,21.37,11.32,1.87,1.14,54.06,120.0
CVS.MX,SIC,stock,CVS Health,2026-10-02,1557.0,0.0,1.32,-5.06,-14.14,19.58,12.97,9.35,-18.42,25.1,22.72,-5.78,1.49,41.95,324.0
CI.MX,SIC,stock,Cigna,2026-10-02,4961.2,0.0,0.0,3.5,1.28,5.63,-5.72,0.32,-13.91,9.25,10.04,2.43,1.55,75.21,15.0
ELV.MX,SIC,stock,Elevance Health,2026-10-02,7168.41,0.0,0.0,11.19,0.37,38.19,18.82,19.66,-1.15,44.02,32.33,8.04,14.89,95.6,2.0
HCA.MX,SIC,stock,HCA Healthcare,2026-10-02,7461.18,0.0,0.0,4.39,8.85,-16.76,-4.22,-12.34,-21.34,19.41,12.76,3.94,-3.95,81.82,17.0
BA.MX,SIC,stock,Boeing,2026-10-05,3490.0,-1.58,4.88,-2.2,-14.06,-6.93,-11.53,-10.9,-20.81,6.24,30.16,-4.5,-9.39,47.83,909.0
CAT.MX,SIC,stock,Caterpillar,2026-10-05,15473.7,0.69,5.62,14.63,-4.59,19.05,75.23,49.7,-15.8,75.23,29.07,8.81,11.21,67.01,279.0
DE.MX,SIC,stock,Deere,2026-10-02,12410.0,0.0,0.01,6.56,12.18,21.93,44.78,46.39,0.0,49.77,24.59,10.5,20.61,84.87,165.0
GE.MX,SIC,stock,GE Aerospace,2026-10-05,5536.41,-2.36,-2.81,-1.75,-13.76,10.74,0.79,-1.17,-15.46,13.32,25.61,-5.77,-2.16,42.21,594.0
GEV.MX,SIC,stock,GE Vernova,2026-10-05,17914.0,-0.73,5.07,12.59,-4.2,7.92,59.75,51.19,-12.32,74.79,44.81,7.49,11.72,62.39,310.0
HON.MX,SIC,stock,Honeywell,2026-10-02,3926.0,0.0,6.63,10.75,-0.99,-5.25,6.58,8.4,-8.83,15.29,27.38,2.97,-0.55,73.09,356.0
MMM.MX,SIC,stock,3M,2026-10-02,3010.11,0.0,5.43,-1.15,5.31,16.66,4.64,4.05,-4.75,22.74,32.41,-0.06,6.6,63.18,997.0
LMT.MX,SIC,stock,Lockheed Martin,2026-10-05,9160.0,-1.52,-1.41,1.37,-3.54,-18.96,0.17,5.96,-22.94,13.47,25.28,-4.66,-6.65,42.82,11.0
RTX.MX,SIC,stock,RTX,2026-10-02,3395.0,0.0,0.74,-4.88,-2.42,-2.68,13.56,2.87,-12.48,16.89,19.5,-4.88,-0.39,45.04,236.0
NOC.MX,SIC,stock,Northrop Grumman,2026-10-02,8875.0,0.0,-1.83,-5.0,-5.71,-29.91,-17.76,-15.46,-34.22,0.74,27.47,-4.54,-15.16,37.82,12.0
GD.MX,SIC,stock,General Dynamics,2026-10-02,5967.71,0.0,-1.07,-3.52,-7.48,-2.12,-2.29,-2.21,-13.23,10.03,23.76,-7.32,-3.61,20.07,4.0
ETN1N.MX,SIC,stock,Eaton,2026-10-02,7944.0,0.5,3.78,20.35,10.12,22.13,18.29,41.92,0.0,41.92,40.88,9.14,17.48,70.43,442.0
EMR.MX,SIC,stock,Emerson Electric,2026-10-05,2925.03,7.14,7.14,7.14,19.95,30.0,20.97,18.02,0.0,30.0,20.71,8.01,15.43,97.55,3.0
UPS.MX,SIC,stock,UPS,2026-10-05,1687.09,-2.03,2.25,-3.59,-13.84,-1.74,9.38,-5.44,-18.31,10.31,30.32,-3.57,-7.63,45.48,120.0
FDX.MX,SIC,stock,FedEx,2026-10-02,5281.75,0.0,2.44,-3.24,-3.69,-17.16,21.93,0.77,-24.77,27.65,19.22,-2.61,-9.84,45.15,117.0
UNP.MX,SIC,stock,Union Pacific,2026-10-02,5112.49,0.0,0.0,0.0,4.29,17.6,19.37,19.84,-2.94,30.79,0.08,-0.0,10.5,69.34,0.0
CSX.MX,SIC,stock,CSX,2026-10-02,886.0,0.0,0.0,0.0,15.23,46.23,46.3,46.26,0.0,46.3,0.05,0.01,22.58,100.0,0.0
WMI.MX,SIC,stock,Waste Management,2026-10-02,3720.0,0.0,1.33,-0.48,-7.48,-9.47,-7.54,-6.49,-14.59,3.91,15.34,-2.36,-5.29,52.31,85.0
F.MX,SIC,stock,Ford,2026-10-05,219.0,-1.35,-2.21,-10.25,-7.93,8.56,-1.54,-7.15,-28.62,8.56,21.91,-7.98,-7.12,32.62,376.0
GM.MX,SIC,stock,General Motors,2026-10-05,1442.0,2.88,-1.23,-1.72,9.28,10.78,31.63,-1.87,-8.2,40.31,30.02,-2.05,2.25,48.83,51.0
RIVN.MX,SIC,stock,Rivian,2026-10-05,264.12,1.58,-0.37,-2.0,-9.2,0.43,5.65,-25.6,-34.61,17.33,50.76,-2.54,-6.34,47.3,1069.0
LCID.MX,SIC,stock,Lucid,2026-10-05,76.0,1.33,7.74,-7.87,-28.3,-50.97,-82.85,-59.77,-83.11,8.88,70.28,-18.5,-42.75,45.37,1401.0
STLAN.MX,SIC,stock,Stellantis,2026-10-05,81.0,1.76,-1.16,-8.99,-21.36,-39.2,-52.63,-59.3,-63.18,1.76,35.26,-10.23,-35.71,35.54,12148.0
PM.MX,SIC,stock,Philip Morris,2026-10-05,3414.58,0.04,4.95,6.89,7.89,21.44,14.04,18.02,-2.44,26.65,22.49,4.15,9.94,71.3,271.0
MO.MX,SIC,stock,Altria,2026-10-02,1245.0,-0.16,4.97,6.97,-1.16,2.47,3.36,20.55,-4.14,27.39,26.27,6.46,6.31,73.57,19.0
MDLZ.MX,SIC,stock,Mondelez,2026-10-05,1053.27,-1.1,0.93,0.31,0.31,-0.21,-7.91,8.69,-9.07,13.36,12.68,-1.15,1.14,48.21,813.0
KHC.MX,SIC,stock,Kraft Heinz,2026-10-05,396.0,-2.95,-5.71,-7.68,-11.13,-4.43,-16.32,-9.86,-18.09,4.97,24.9,-7.77,-5.1,28.58,49.0
HSY.MX,SIC,stock,Hershey,2026-10-05,2920.0,0.07,0.17,-8.68,-5.46,-19.93,-13.13,-16.1,-26.46,0.17,24.9,-4.76,-13.18,15.98,5.0
MNST.MX,SIC,stock,Monster Beverage,2026-10-02,780.0,1.04,2.94,2.9,-9.3,21.01,27.24,11.75,-11.81,27.24,25.84,-0.1,5.04,57.33,963.0
STZ.MX,SIC,stock,Constellation Brands,2026-10-05,2051.01,0.08,2.04,-6.5,-11.25,-21.95,-20.8,-17.69,-28.95,2.04,23.38,-6.33,-17.76,39.37,820.0
CL.MX,SIC,stock,Colgate-Palmolive,2026-10-02,1555.9,0.0,3.38,0.6,-2.72,0.39,6.72,9.15,-8.68,13.55,15.46,0.75,0.8,65.66,778.0
KMB.MX,SIC,stock,Kimberly-Clark,2026-10-05,1717.0,-1.96,-0.75,-8.32,-12.34,1.99,-24.05,-3.98,-24.05,4.21,30.0,-6.01,-3.99,39.71,39.0
EL.MX,SIC,stock,Estee Lauder,2026-10-05,1705.0,2.71,-0.87,-0.89,16.01,34.17,7.93,-11.01,-18.37,39.7,30.62,4.83,5.98,57.07,41.0
FCX.MX,SIC,stock,Freeport-McMoRan,2026-10-02,1308.0,2.67,3.4,4.86,23.88,20.31,81.27,42.75,-3.11,83.3,43.2,7.63,17.91,61.55,1182.0
NEM.MX,SIC,stock,Newmont,2026-10-05,2102.0,1.06,1.06,-1.73,26.49,4.05,33.36,16.82,-8.57,47.59,29.28,2.96,8.08,49.35,114.0
SCCO.MX,SIC,stock,Southern Copper,2026-10-02,3593.36,0.0,8.99,0.49,9.87,26.74,66.48,47.19,-2.25,62.08,46.8,7.06,12.36,67.84,1.0
AA1.MX,SIC,stock,Alcoa,2026-10-02,772.0,0.0,0.0,-11.77,-13.25,-36.18,24.37,-20.06,-39.92,24.37,28.49,-6.6,-23.76,23.15,99.0
NUE.MX,SIC,stock,Nucor,2026-10-02,4090.0,0.0,0.01,0.0,2.12,37.64,49.68,44.32,-13.2,62.39,0.06,-4.01,11.63,28.69,0.0
DOW1.MX,SIC,stock,Dow,2026-10-02,496.62,0.0,0.0,-3.29,-15.71,-31.79,13.2,18.9,-32.39,29.89,11.7,-3.53,-12.13,19.55,1.0
AMT.MX,SIC,stock,American Tower,2026-10-02,3009.92,0.0,-0.57,1.52,7.5,1.05,-15.0,-2.45,-15.07,7.5,12.88,0.44,-2.47,50.17,194.0
PLD.MX,SIC,stock,Prologis,2026-10-02,2365.0,0.0,-0.16,1.73,-2.15,0.09,13.03,2.79,-9.43,12.26,15.96,-1.65,-1.66,50.14,479.0
EQIX.MX,SIC,stock,Equinix,2026-10-02,18204.36,0.0,0.0,5.69,-3.91,3.22,23.83,33.68,-7.33,36.1,26.25,0.85,6.45,63.12,90.0
O.MX,SIC,stock,Realty Income,2026-10-05,973.83,-0.63,-0.6,-6.76,-13.39,-11.36,-11.93,-3.84,-17.0,0.0,16.71,-6.63,-9.61,31.46,210.0
SPG.MX,SIC,stock,Simon Property,2026-10-02,3468.5,0.0,0.0,-10.52,-1.66,5.23,6.99,2.87,-16.07,8.05,30.66,-8.07,-1.71,8.44,25.0
BABAN.MX,SIC,stock,Alibaba,2026-10-05,2008.88,4.32,2.76,6.24,17.02,-7.96,-42.29,-23.87,-41.99,21.07,32.32,-0.33,-11.74,56.01,2740.0
PDDN.MX,SIC,stock,PDD Holdings,2026-10-05,1404.0,2.11,-0.21,1.48,-2.5,-22.75,-43.7,-31.51,-45.05,5.92,19.63,-2.58,-14.55,51.88,197.0
JDN.MX,SIC,stock,JD.com,2026-10-05,485.0,3.37,1.46,3.19,4.36,-3.0,-26.99,-5.84,-26.8,11.24,22.7,-2.72,-3.51,54.2,2088.0
BIDUN.MX,SIC,stock,Baidu,2026-10-05,1569.0,1.72,1.42,-3.15,-21.16,-19.66,-37.66,-34.28,-44.95,1.72,25.45,-6.09,-24.98,44.87,507.0
NION.MX,SIC,stock,NIO,2026-10-05,61.61,-0.42,-4.75,-5.52,-28.36,-44.6,-57.69,-33.11,-57.0,0.77,33.18,-13.81,-29.88,34.02,16075.0
TSMN.MX,SIC,stock,Taiwan Semiconductor,2026-10-05,8798.57,2.06,8.39,25.36,16.44,38.59,66.02,59.99,0.0,76.93,27.09,19.36,29.6,82.27,2774.0
ASMLN.MX,SIC,stock,ASML,2026-10-05,33904.06,0.01,7.03,20.57,4.55,48.3,87.94,77.13,-1.38,91.38,38.5,13.02,24.92,71.83,420.0
SAPN.MX,SIC,stock,SAP,2026-10-05,3750.18,2.46,2.46,5.22,30.35,25.09,-23.06,-14.58,-26.65,46.24,27.29,5.93,11.2,73.72,65.0
SONYN.MX,SIC,stock,Sony,2026-10-05,445.0,0.83,6.46,5.31,20.76,18.67,-15.86,-5.15,-19.87,30.88,33.51,9.07,13.88,70.66,412.0
TM.MX,SIC,stock,Toyota,2026-10-05,312.95,0.79,-1.37,,,,,,-1.37,2.4,,,,,0.0
NVON.MX,SIC,stock,Novo Nordisk,2026-10-05,679.86,-0.26,-2.04,-14.86,-21.44,4.19,-37.21,-25.67,-38.59,6.65,35.35,-11.35,-14.72,33.92,3997.0
AZN1N.MX,SIC,stock,AstraZeneca,2026-10-02,2964.0,0.0,3.63,9.07,-9.16,-9.64,7.6,-9.78,-18.11,9.82,13.84,5.34,-6.16,84.6,425.0
SHEL1N.MX,SIC,stock,Shell,2026-10-05,1750.0,1.92,1.36,10.17,29.98,5.21,31.55,32.18,0.0,37.58,27.5,9.23,17.81,71.32,670.0
BPN.MX,SIC,stock,BP,2026-10-02,819.0,1.24,12.5,12.5,26.48,-0.47,25.97,35.65,-4.08,36.22,34.31,11.07,13.55,91.31,13.0
BHPN.MX,SIC,stock,BHP,2026-10-02,1500.0,0.0,0.0,-5.54,5.39,22.4,51.71,40.71,-5.66,51.71,16.42,-0.73,8.5,32.47,0.0
RION.MX,SIC,stock,Rio Tinto,2026-10-02,1700.0,3.03,3.03,-1.9,2.54,2.04,47.66,18.43,-11.37,47.66,22.82,-0.14,2.25,46.17,41.0
VALEN.MX,SIC,stock,Vale,2026-10-05,259.0,8.21,6.58,-2.63,0.24,-1.55,30.74,12.79,-14.67,30.74,39.57,4.41,-2.27,65.14,3299.0
PBRN.MX,SIC,stock,Petrobras,2026-10-05,437.01,11.77,16.54,25.58,50.95,26.53,91.7,105.83,0.0,112.31,46.86,28.55,40.42,87.01,5384.0
ITUBN.MX,SIC,stock,Itau Unibanco,2026-10-02,147.0,0.0,14.85,14.84,8.89,2.15,14.81,16.61,-6.03,33.64,62.92,8.86,4.87,83.09,1.0
MELIN.MX,SIC,stock,MercadoLibre,2026-10-05,33794.0,10.09,11.9,0.45,5.61,9.47,-18.27,-6.78,-23.63,26.38,39.79,5.2,5.57,62.09,666.0
NUN.MX,SIC,stock,Nu Holdings,2026-10-05,275.89,13.1,25.28,4.19,15.53,8.62,-2.34,-8.58,-14.43,36.4,57.32,11.86,7.72,66.66,52848.0
SEN.MX,SIC,stock,Sea Limited,2026-10-05,1770.0,1.83,-0.37,-7.48,-3.09,15.81,-47.79,-23.9,-50.39,24.91,28.72,-7.0,-1.5,42.43,448.0
CPNG.MX,SIC,stock,Coupang,2026-10-05,257.0,3.21,5.33,-2.4,-21.17,-26.57,-56.99,-41.79,-57.52,5.33,30.05,-3.63,-18.54,49.84,837.0
SPY.MX,SIC,etf,SPDR S&P 500,2026-10-05,14036.99,0.34,2.3,7.67,7.49,19.6,16.66,14.6,0.0,23.57,12.01,6.5,12.05,78.04,2438.0
VOO.MX,SIC,etf,Vanguard S&P 500,2026-10-05,12906.13,0.44,2.28,7.27,7.15,19.57,16.05,14.91,0.0,22.69,11.23,6.32,11.81,77.91,7211.0
IVV.MX,SIC,etf,iShares Core S&P 500,2026-10-05,14070.21,0.27,2.48,7.27,7.34,19.75,16.21,14.59,-0.21,22.53,10.77,6.31,11.81,77.14,29278.0
RSP.MX,SIC,etf,Invesco S&P 500 Equal Weight,2026-10-05,3822.9,0.25,1.53,3.07,2.03,11.65,11.73,12.13,0.0,15.58,9.07,2.55,7.19,70.62,20532.0
QQQ.MX,SIC,etf,Invesco QQQ,2026-10-05,13667.0,0.34,3.42,12.73,10.33,29.9,24.91,23.77,0.0,35.2,13.03,10.3,17.09,83.87,9747.0
QQQM.MX,SIC,etf,Invesco Nasdaq 100,2026-10-05,5633.33,0.49,3.6,12.81,10.49,29.95,25.44,23.53,0.0,35.72,13.46,10.39,17.13,84.35,17968.0
DIA.MX,SIC,etf,SPDR Dow Jones,2026-10-05,9268.59,-1.29,0.53,2.19,0.54,11.98,10.74,8.02,-1.29,14.2,10.29,2.16,6.27,62.89,396.0
IWM.MX,SIC,etf,iShares Russell 2000,2026-10-05,5130.0,0.25,2.6,2.56,-1.16,13.75,17.91,15.39,-1.77,22.25,13.39,1.98,6.85,66.44,690.0
IJH.MX,SIC,etf,iShares Core S&P Mid-Cap,2026-10-02,1314.7,0.0,2.43,1.99,-1.22,8.5,11.34,10.79,-1.22,13.33,10.96,1.66,4.82,67.04,58.0
VTI.MX,SIC,etf,Vanguard Total Stock Market,2026-10-05,6883.0,-0.01,2.27,6.76,6.24,18.89,15.66,14.59,-0.01,22.83,9.87,5.78,11.2,80.31,388.0
VUG.MX,SIC,etf,Vanguard Growth,2026-10-05,1661.0,0.0,2.91,10.88,10.59,-79.18,-80.89,-81.14,-82.42,17.32,13.24,8.94,-60.76,83.15,124.0
VTV.MX,SIC,etf,Vanguard Value,2026-10-05,3947.7,-0.01,-1.49,2.67,2.75,13.19,18.15,16.12,-1.49,18.39,14.45,2.53,8.43,61.03,117.0
VT.MX,SIC,etf,Vanguard Total World Stock,2026-10-05,2900.75,0.03,2.15,6.14,6.31,16.05,17.44,14.82,0.0,20.01,11.7,5.41,10.33,75.33,17116.0
ACWI.MX,SIC,etf,iShares MSCI ACWI,2026-10-05,2914.05,0.09,1.72,6.37,6.36,16.53,16.93,14.39,-0.02,20.64,9.71,5.57,10.63,77.6,20694.0
VEA.MX,SIC,etf,Vanguard Developed Markets,2026-10-05,1289.99,-0.19,0.78,3.59,4.04,10.86,20.72,15.75,-0.19,22.11,16.44,3.69,7.95,64.24,1440.0
EFA.MX,SIC,etf,iShares MSCI EAFE,2026-10-02,1887.88,0.0,2.05,2.55,4.13,10.84,14.82,10.74,-0.04,14.82,10.08,2.85,6.83,74.81,27837.0
IEFA.MX,SIC,etf,iShares Core MSCI EAFE,2026-10-02,1760.56,0.0,3.97,3.97,4.3,11.14,14.92,11.08,0.0,14.67,11.86,3.29,6.73,90.17,28304.0
VWO.MX,SIC,etf,Vanguard Emerging Markets,2026-10-05,1097.43,1.43,2.57,6.27,6.85,11.87,12.81,13.6,0.0,17.17,11.42,6.06,8.67,76.02,3637.0
EEM.MX,SIC,etf,iShares MSCI Emerging Markets,2026-10-05,1244.93,0.97,3.83,9.2,8.56,18.95,29.65,26.93,0.0,31.72,15.3,8.4,13.38,73.38,21216.0
IEMG.MX,SIC,etf,iShares Core MSCI EM,2026-10-05,1510.0,1.07,3.17,8.83,8.17,23.44,28.21,25.43,0.0,30.43,21.63,7.94,12.83,69.52,90254.0
EWW.MX,SIC,etf,iShares MSCI Mexico,2026-10-02,1280.0,0.0,0.79,-0.47,-2.39,-4.01,6.67,2.35,-12.9,11.15,26.92,-2.19,-3.04,46.56,802.0
EWZ.MX,SIC,etf,iShares MSCI Brazil,2026-10-05,782.42,12.68,20.84,21.21,28.89,14.38,43.62,38.21,0.0,52.5,41.55,24.23,24.15,86.83,56590.0
EWJ.MX,SIC,etf,iShares MSCI Japan,2026-10-05,1794.41,-0.26,3.48,8.1,10.77,16.11,27.62,24.12,-0.26,28.11,14.74,8.08,14.0,75.42,7779.0
FXI.MX,SIC,etf,iShares China Large-Cap,2026-10-05,613.0,1.32,0.16,2.42,7.92,-2.74,-17.11,-10.23,-19.1,10.99,14.5,1.05,-2.5,59.12,531.0
MCHI.MX,SIC,etf,iShares MSCI China,2026-10-05,946.13,1.4,0.65,2.33,4.19,-4.57,-20.2,-12.06,-22.32,7.15,15.62,0.95,-3.98,56.63,25514.0
INDA.MX,SIC,etf,iShares MSCI India,2026-10-05,843.0,-0.35,-0.47,-0.23,-2.54,-1.74,-11.5,-13.09,-16.95,3.14,11.93,-0.34,-3.08,51.45,6199.0
SCHD.MX,SIC,etf,Schwab US Dividend Equity,2026-10-05,592.99,-0.34,-0.15,1617.17,1745.47,2177.44,,,-0.97,2586.36,4709.23,196.34,,94.01,1887.0
VIG.MX,SIC,etf,Vanguard Dividend Appreciation,2026-10-05,4275.0,1.64,1.64,4.67,2.07,11.62,8.74,7.71,0.0,11.79,8.53,3.01,6.21,79.47,29.0
VYM.MX,SIC,etf,Vanguard High Dividend Yield,2026-10-05,2839.86,-0.36,1.79,2.02,1.55,8.9,13.38,10.82,-0.61,14.1,13.24,1.63,5.58,60.96,1983.0
DVY.MX,SIC,etf,iShares Select Dividend,2026-10-02,2784.48,-0.22,1.92,0.78,1.95,4.86,12.23,11.39,-2.83,13.5,9.96,0.78,4.89,63.85,78.0
QUAL.MX,SIC,etf,iShares MSCI USA Quality,2026-10-05,4087.43,-0.21,3.34,8.21,7.51,18.42,16.42,14.11,-0.21,19.76,11.71,6.66,11.87,83.15,137.0
MTUM.MX,SIC,etf,iShares MSCI USA Momentum,2026-10-02,5871.0,0.65,6.94,14.81,9.0,41.17,26.48,34.28,-1.96,41.17,20.64,11.12,19.32,85.62,38.0
USMV.MX,SIC,etf,iShares MSCI USA Min Vol,2026-10-02,1780.0,0.0,2.42,3.52,7.9,8.37,1.69,6.38,0.0,11.27,8.44,3.72,6.6,80.26,50.0
XLK.MX,SIC,etf,Technology Select Sector SPDR,2026-10-05,3640.0,0.08,4.25,15.77,16.43,48.32,-28.61,40.5,-34.7,58.64,21.43,12.96,26.24,80.02,10318.0
XLF.MX,SIC,etf,Financial Select Sector SPDR,2026-10-05,977.0,0.41,0.51,-1.16,-0.16,10.54,0.54,-0.37,-2.67,14.06,13.74,-0.04,4.91,53.2,44218.0
XLE.MX,SIC,etf,Energy Select Sector SPDR,2026-10-05,1145.0,-0.04,2.69,4.72,21.69,14.91,-27.68,44.86,-30.21,49.51,20.36,7.2,17.52,65.38,1181.0
XLV.MX,SIC,etf,Health Care Select Sector SPDR,2026-10-05,3020.0,-0.03,-1.77,3.5,5.41,17.02,20.12,8.99,-2.04,23.87,17.03,4.02,11.18,60.04,15295.0
XLI.MX,SIC,etf,Industrial Select Sector SPDR,2026-10-05,3077.0,-0.63,1.6,4.48,-3.28,4.42,10.95,9.82,-4.78,14.1,14.3,1.14,2.73,62.63,13346.0
XLP.MX,SIC,etf,Consumer Staples Select Sector SPDR,2026-10-05,1465.0,0.1,1.13,1.56,1.07,3.47,4.62,6.27,-4.26,7.96,11.67,1.41,1.62,62.02,7152.0
XLY.MX,SIC,etf,Consumer Discretionary Select Sector SPDR,2026-10-02,2004.0,1.73,3.26,2.85,-1.79,5.93,-54.18,-6.99,-54.47,5.93,12.91,1.77,-1.02,69.48,1554.0
XLU.MX,SIC,etf,Utilities Select Sector SPDR,2026-10-05,723.0,0.07,2.7,0.29,-9.39,-9.84,-54.27,-4.21,-56.57,3.73,15.44,-1.05,-5.32,52.92,11319.0
XLB.MX,SIC,etf,Materials Select Sector SPDR,2026-10-02,891.5,0.17,0.53,0.56,-0.82,0.6,-45.1,13.28,-46.42,13.94,14.68,0.36,1.86,58.23,19693.0
XLRE.MX,SIC,etf,Real Estate Select Sector SPDR,2026-10-05,731.0,-0.95,-1.11,-0.58,-4.64,1.64,-1.53,2.77,-7.11,5.62,9.23,-2.79,-1.49,26.37,1304.0
XLC.MX,SIC,etf,Communication Services Select Sector SPDR,2026-10-05,2020.14,0.86,0.43,5.67,4.47,2.01,-6.17,-4.26,-5.02,10.01,19.36,5.17,2.37,67.09,15479.0
VGT.MX,SIC,etf,Vanguard Information Technology,2026-10-05,2340.83,0.28,4.29,14.74,17.58,45.42,34.36,37.16,0.0,55.03,15.51,12.55,25.78,84.75,3611.0
SMH.MX,SIC,etf,VanEck Semiconductor,2026-10-05,11466.89,-0.15,6.7,22.39,13.22,56.01,93.08,76.3,-0.69,89.44,29.6,16.12,30.73,77.99,1320.0
SOXX.MX,SIC,etf,iShares Semiconductor,2026-10-05,10655.0,-0.7,6.13,25.49,11.41,65.53,114.21,95.15,-5.63,112.08,34.31,16.04,33.14,72.47,1011.0
IGV.MX,SIC,etf,iShares Expanded Tech-Software,2026-10-05,1983.0,0.4,4.81,9.68,18.46,42.18,-5.81,2.76,-7.96,54.23,54.83,10.7,20.97,63.76,39667.0
ICLN.MX,SIC,etf,iShares Global Clean Energy,2026-10-05,312.96,0.05,3.33,4.67,-7.68,-1.63,12.94,6.43,-23.46,9.08,19.21,2.78,-4.56,60.34,1618.0
LIT.MX,SIC,etf,Global X Lithium & Battery Tech,2026-10-05,1259.99,0.88,2.94,-0.16,-1.95,-5.5,22.78,6.34,-20.16,24.38,14.57,1.15,-3.36,59.68,44.0
URA.MX,SIC,etf,Global X Uranium,2026-10-05,731.0,0.0,1.36,-3.82,-0.68,-18.22,-14.83,-4.82,-31.04,11.6,38.45,-2.24,-12.72,46.49,522.0
BOTZ.MX,SIC,etf,Global X Robotics & AI,2026-10-05,655.0,-0.09,4.47,8.62,2.18,6.9,1.57,-0.44,-13.43,12.02,38.21,5.75,1.63,66.41,177.0
TLT.MX,SIC,etf,iShares 20+ Year Treasury,2026-10-05,1396.47,-0.96,0.3,0.54,-4.96,-6.96,-10.71,-8.61,-14.24,1.86,13.26,-0.46,-4.68,47.75,48617.0
IEF.MX,SIC,etf,iShares 7-10 Year Treasury,2026-10-05,1606.63,-0.78,0.35,2.87,-1.49,-1.8,-5.5,-4.69,-9.19,3.73,8.09,1.63,-0.96,62.13,13563.0
SHY.MX,SIC,etf,iShares 1-3 Year Treasury,2026-10-05,1467.59,-0.43,1.31,6.18,3.0,3.66,0.12,0.65,-1.96,6.41,8.54,4.42,3.64,73.61,7777.0
SHV.MX,SIC,etf,iShares Short Treasury,2026-10-05,1992.17,-0.37,0.99,6.91,3.99,5.32,2.13,2.88,-1.06,7.74,8.38,5.0,4.96,75.16,162752.0
BIL.MX,SIC,etf,SPDR 1-3 Month T-Bill,2026-10-05,1653.64,-0.54,0.91,6.88,3.79,5.31,2.09,2.9,-1.45,7.81,10.08,4.92,4.92,70.8,123984.0
TIP.MX,SIC,etf,iShares TIPS Bond,2026-10-02,1875.0,0.0,1.63,3.31,-1.42,-1.29,-6.02,-2.16,-5.62,3.59,5.42,2.3,0.6,85.17,26.0
BND.MX,SIC,etf,Vanguard Total Bond Market,2026-10-05,1250.0,-3.32,-0.36,2.46,-1.66,-2.77,-5.51,-3.55,-7.04,3.31,12.95,0.95,-0.87,52.83,783.0
AGG.MX,SIC,etf,iShares Core US Aggregate Bond,2026-10-05,1700.0,-0.47,1.55,2.54,-0.77,-0.29,-3.8,-2.89,-7.5,3.69,9.58,2.1,0.11,66.79,1978.0
LQD.MX,SIC,etf,iShares Investment Grade Corporate,2026-10-05,1840.0,-1.71,1.31,2.91,-1.82,-3.42,-5.96,-4.48,-8.14,3.66,22.26,1.57,-1.01,58.35,185.0
HYG.MX,SIC,etf,iShares High Yield Corporate,2026-10-02,1401.0,-0.43,2.72,2.6,1.32,1.82,-0.31,1.16,-1.35,5.29,11.25,3.14,2.67,71.51,2753.0
EMB.MX,SIC,etf,iShares JP Morgan USD EM Bond,2026-10-02,1643.2,0.0,1.25,1.49,-1.22,0.76,-1.3,-1.83,-4.61,3.65,8.56,1.48,0.44,63.73,3305.0
GLD.MX,SIC,etf,SPDR Gold Shares,2026-10-05,6850.01,-0.91,0.94,-1.34,3.87,-9.64,5.17,-4.2,-19.55,7.85,20.34,0.13,-5.4,48.6,999.0
IAU.MX,SIC,etf,iShares Gold Trust,2026-10-05,1405.16,-0.83,0.92,-1.57,3.63,-9.37,5.54,-3.89,-19.46,7.84,21.88,0.21,-5.34,48.93,51506.0
SLV.MX,SIC,etf,iShares Silver Trust,2026-10-05,997.51,0.33,1.17,-2.18,5.47,-15.25,28.66,-14.16,-45.07,28.04,35.06,0.08,-13.06,48.32,4222.0
GDX.MX,SIC,etf,VanEck Gold Miners,2026-10-05,1581.79,0.62,0.11,-7.9,17.68,-7.13,13.81,2.05,-20.79,28.03,32.89,0.06,-0.22,45.59,974.0
VNQ.MX,SIC,etf,Vanguard Real Estate,2026-10-05,1606.01,-1.47,-0.86,-1.69,-3.97,1.57,-0.03,3.23,-8.47,6.91,12.42,-2.43,-0.81,43.09,268.0
